NOME;EMAIL;CEP;LOGRADOURO;NUMERO;CIDADE;ESTADO;DEPARTAMENTO;AVATAR
Warley Souza;Warley_Souza32@gmail.com;58787-986;Moraes Travessa;529;Mogi das Cruzes;Maranhão;Casa, Jardim & Jardim;https://cloudflare-ipfs.com/ipfs/Qmd3W5DuhgHirLHGVixi6V76LhCkZUz6pnFt5AJBiyvHye/avatar/850.jpg
Henrique Reis;Henrique.Reis@bol.com.br;87255-683;Souza Travessa;346;Mauá;Pernambuco;Bebê, Crianças & Casa;https://cloudflare-ipfs.com/ipfs/Qmd3W5DuhgHirLHGVixi6V76LhCkZUz6pnFt5AJBiyvHye/avatar/615.jpg
Sophia Oliveira;Sophia.Oliveira94@bol.com.br;01993-554;Meire Rodovia;170;Canoas;Rio Grande do Sul;Automotivo & Computadores;https://cloudflare-ipfs.com/ipfs/Qmd3W5DuhgHirLHGVixi6V76LhCkZUz6pnFt5AJBiyvHye/avatar/202.jpg
Marcela Carvalho;Marcela69@hotmail.com;07467-946;Carvalho Alameda;314;Praia Grande;Acre;Jóias;https://cloudflare-ipfs.com/ipfs/Qmd3W5DuhgHirLHGVixi6V76LhCkZUz6pnFt5AJBiyvHye/avatar/978.jpg
Meire Nogueira;Meire64@gmail.com;26353-498;Isaac Alameda;34;São Vicente;Paraíba;Saúde & Jóias;https://cloudflare-ipfs.com/ipfs/Qmd3W5DuhgHirLHGVixi6V76LhCkZUz6pnFt5AJBiyvHye/avatar/498.jpg
Lorraine Barros;Lorraine_Barros76@yahoo.com;44180-679;João Pedro Alameda;838;Serra;Amazonas;Jogos;https://cloudflare-ipfs.com/ipfs/Qmd3W5DuhgHirLHGVixi6V76LhCkZUz6pnFt5AJBiyvHye/avatar/533.jpg
Júlio César Costa;JulioCesar.Costa@hotmail.com;55204-334;Melo Alameda;292;Florianópolis;Mato Grosso do Sul;Jardim & Jardim;https://cloudflare-ipfs.com/ipfs/Qmd3W5DuhgHirLHGVixi6V76LhCkZUz6pnFt5AJBiyvHye/avatar/1084.jpg
Márcia Santos;Marcia_Santos29@hotmail.com;25267-866;Maria Clara Travessa;39;Blumenau;Santa Catarina;Automotivo;https://cloudflare-ipfs.com/ipfs/Qmd3W5DuhgHirLHGVixi6V76LhCkZUz6pnFt5AJBiyvHye/avatar/79.jpg
Eduardo Carvalho;Eduardo_Carvalho1@yahoo.com;42387-056;Melo Rodovia;647;Sorocaba;Mato Grosso do Sul;Música;https://cloudflare-ipfs.com/ipfs/Qmd3W5DuhgHirLHGVixi6V76LhCkZUz6pnFt5AJBiyvHye/avatar/154.jpg
Murilo Santos;Murilo54@hotmail.com;06467-327;Laura Alameda;41;Porto Alegre;Paraná;Livros, Saúde & Automotivo;https://cloudflare-ipfs.com/ipfs/Qmd3W5DuhgHirLHGVixi6V76LhCkZUz6pnFt5AJBiyvHye/avatar/626.jpg
Samuel Carvalho;Samuel_Carvalho81@live.com;19878-157;Carvalho Avenida;441;Blumenau;Tocantins;Música, Brinquedos & Sapatos;https://cloudflare-ipfs.com/ipfs/Qmd3W5DuhgHirLHGVixi6V76LhCkZUz6pnFt5AJBiyvHye/avatar/754.jpg
Pablo Melo;Pablo_Melo20@hotmail.com;18797-956;Miguel Travessa;589;Goiânia;Rio Grande do Sul;Ferramentas, Turismo & Jóias;https://cloudflare-ipfs.com/ipfs/Qmd3W5DuhgHirLHGVixi6V76LhCkZUz6pnFt5AJBiyvHye/avatar/410.jpg
Alessandro Santos;Alessandro_Santos67@gmail.com;09815-353;Marcelo Rua;451;Jundiaí;Pernambuco;Ferramentas;https://cloudflare-ipfs.com/ipfs/Qmd3W5DuhgHirLHGVixi6V76LhCkZUz6pnFt5AJBiyvHye/avatar/1239.jpg
Pedro Barros;Pedro_Barros@hotmail.com;35177-203;Moreira Marginal;319;Santo André;Alagoas;Música & Beleza;https://cloudflare-ipfs.com/ipfs/Qmd3W5DuhgHirLHGVixi6V76LhCkZUz6pnFt5AJBiyvHye/avatar/215.jpg
Sirineu Costa;Sirineu27@gmail.com;10734-735;Heitor Alameda;543;Jundiaí;Pernambuco;Computadores, Jóias & Casa;https://cloudflare-ipfs.com/ipfs/Qmd3W5DuhgHirLHGVixi6V76LhCkZUz6pnFt5AJBiyvHye/avatar/186.jpg
Manuela Macedo;Manuela_Macedo98@bol.com.br;32039-446;Saraiva Alameda;974;Piracicaba;Piauí;Mercearia & Industrial;https://cloudflare-ipfs.com/ipfs/Qmd3W5DuhgHirLHGVixi6V76LhCkZUz6pnFt5AJBiyvHye/avatar/1005.jpg
Joaquim Pereira;Joaquim_Pereira@bol.com.br;38598-394;Raul Alameda;570;Serra;Maranhão;Brinquedos;https://cloudflare-ipfs.com/ipfs/Qmd3W5DuhgHirLHGVixi6V76LhCkZUz6pnFt5AJBiyvHye/avatar/827.jpg
Norberto Carvalho;Norberto_Carvalho@live.com;30169-310;Raul Avenida;929;São José dos Campos;Rio Grande do Sul;Turismo, Jóias & Jogos;https://cloudflare-ipfs.com/ipfs/Qmd3W5DuhgHirLHGVixi6V76LhCkZUz6pnFt5AJBiyvHye/avatar/34.jpg
Heitor Franco;Heitor.Franco@gmail.com;42621-680;Souza Travessa;41;Brasília;Distrito Federal;Música;https://cloudflare-ipfs.com/ipfs/Qmd3W5DuhgHirLHGVixi6V76LhCkZUz6pnFt5AJBiyvHye/avatar/1173.jpg
Elisa Melo;Elisa98@live.com;57642-897;Leonardo Alameda;266;Pelotas;Paraíba;Livros, Jogos & Bebê;https://cloudflare-ipfs.com/ipfs/Qmd3W5DuhgHirLHGVixi6V76LhCkZUz6pnFt5AJBiyvHye/avatar/879.jpg
Yago Pereira;Yago3@gmail.com;22731-203;Gustavo Alameda;167;Goiânia;Goiás;Casa & Industrial;https://cloudflare-ipfs.com/ipfs/Qmd3W5DuhgHirLHGVixi6V76LhCkZUz6pnFt5AJBiyvHye/avatar/339.jpg
Maria Luiza Franco;MariaLuiza_Franco@yahoo.com;80638-065;Roberto Travessa;598;Porto Velho;Santa Catarina;Sapatos;https://cloudflare-ipfs.com/ipfs/Qmd3W5DuhgHirLHGVixi6V76LhCkZUz6pnFt5AJBiyvHye/avatar/1131.jpg
Yuri Reis;Yuri.Reis2@bol.com.br;68940-667;Albuquerque Rodovia;781;Campo Grande;Santa Catarina;Filmes & Computadores;https://cloudflare-ipfs.com/ipfs/Qmd3W5DuhgHirLHGVixi6V76LhCkZUz6pnFt5AJBiyvHye/avatar/1007.jpg
Benício Melo;Benicio18@live.com;23213-797;Ana Clara Alameda;155;Jaboatão dos Guararapes;São Paulo;Crianças;https://cloudflare-ipfs.com/ipfs/Qmd3W5DuhgHirLHGVixi6V76LhCkZUz6pnFt5AJBiyvHye/avatar/813.jpg
César Nogueira;Cesar_Nogueira@hotmail.com;34360-815;Maria Eduarda Avenida;919;Belém;Goiás;Jogos & Turismo;https://cloudflare-ipfs.com/ipfs/Qmd3W5DuhgHirLHGVixi6V76LhCkZUz6pnFt5AJBiyvHye/avatar/1009.jpg
Guilherme Braga;Guilherme_Braga@yahoo.com;59344-911;Carvalho Travessa;905;Blumenau;Distrito Federal;Ferramentas, Bebê & Casa;https://cloudflare-ipfs.com/ipfs/Qmd3W5DuhgHirLHGVixi6V76LhCkZUz6pnFt5AJBiyvHye/avatar/118.jpg
Júlio César Melo;JulioCesar_Melo@hotmail.com;72115-980;Cecília Avenida;234;Fortaleza;São Paulo;Saúde & Roupas;https://cloudflare-ipfs.com/ipfs/Qmd3W5DuhgHirLHGVixi6V76LhCkZUz6pnFt5AJBiyvHye/avatar/663.jpg
Emanuel Braga;Emanuel_Braga76@bol.com.br;55447-970;Martins Rua;56;Taboão da Serra;Bahia;Livros;https://cloudflare-ipfs.com/ipfs/Qmd3W5DuhgHirLHGVixi6V76LhCkZUz6pnFt5AJBiyvHye/avatar/892.jpg
Pedro Melo;Pedro47@bol.com.br;30431-302;Lara Alameda;978;Carapicuíba;Pernambuco;Roupas, Ferramentas & Beleza;https://cloudflare-ipfs.com/ipfs/Qmd3W5DuhgHirLHGVixi6V76LhCkZUz6pnFt5AJBiyvHye/avatar/812.jpg
Maria Júlia Oliveira;MariaJulia63@hotmail.com;59956-529;Fabiano Travessa;517;Santarém;Minas Gerais;Bebê & Roupas;https://cloudflare-ipfs.com/ipfs/Qmd3W5DuhgHirLHGVixi6V76LhCkZUz6pnFt5AJBiyvHye/avatar/366.jpg
Roberto Santos;Roberto31@gmail.com;14159-069;Oliveira Marginal;690;Santos;Pará;Jóias & Jardim;https://cloudflare-ipfs.com/ipfs/Qmd3W5DuhgHirLHGVixi6V76LhCkZUz6pnFt5AJBiyvHye/avatar/1204.jpg
Kléber Albuquerque;Kleber.Albuquerque@bol.com.br;10670-865;Costa Avenida;830;Uberaba;Tocantins;Jóias & Jogos;https://cloudflare-ipfs.com/ipfs/Qmd3W5DuhgHirLHGVixi6V76LhCkZUz6pnFt5AJBiyvHye/avatar/285.jpg
Davi Pereira;Davi71@gmail.com;54843-893;Ígor Marginal;711;Londrina;Goiás;Livros;https://cloudflare-ipfs.com/ipfs/Qmd3W5DuhgHirLHGVixi6V76LhCkZUz6pnFt5AJBiyvHye/avatar/604.jpg
Sarah Moraes;Sarah_Moraes@hotmail.com;94399-992;Maria Alice Marginal;346;São João de Meriti;Maranhão;Jardim & Jóias;https://cloudflare-ipfs.com/ipfs/Qmd3W5DuhgHirLHGVixi6V76LhCkZUz6pnFt5AJBiyvHye/avatar/845.jpg
Isabela Macedo;Isabela83@gmail.com;97777-863;Santos Avenida;571;Natal;Distrito Federal;Casa & Livros;https://cloudflare-ipfs.com/ipfs/Qmd3W5DuhgHirLHGVixi6V76LhCkZUz6pnFt5AJBiyvHye/avatar/29.jpg
Lorena Batista;Lorena68@hotmail.com;56150-792;Lorenzo Rua;500;Caruaru;Mato Grosso;Jóias, Turismo & Filmes;https://cloudflare-ipfs.com/ipfs/Qmd3W5DuhgHirLHGVixi6V76LhCkZUz6pnFt5AJBiyvHye/avatar/1235.jpg
Ofélia Braga;Ofelia.Braga81@yahoo.com;38762-467;Barros Alameda;924;Niterói;Rondônia;Eletrônicos, Jóias & Livros;https://cloudflare-ipfs.com/ipfs/Qmd3W5DuhgHirLHGVixi6V76LhCkZUz6pnFt5AJBiyvHye/avatar/1205.jpg
Gustavo Franco;Gustavo_Franco@live.com;44972-271;Isadora Rodovia;177;Goiânia;Bahia;Roupas, Brinquedos & Livros;https://cloudflare-ipfs.com/ipfs/Qmd3W5DuhgHirLHGVixi6V76LhCkZUz6pnFt5AJBiyvHye/avatar/981.jpg
Luiza Macedo;Luiza_Macedo56@live.com;46664-391;Fábio Alameda;601;São Paulo;Pernambuco;Mercearia & Ferramentas;https://cloudflare-ipfs.com/ipfs/Qmd3W5DuhgHirLHGVixi6V76LhCkZUz6pnFt5AJBiyvHye/avatar/452.jpg
Cauã Silva;Caua_Silva42@live.com;46803-215;Nogueira Alameda;741;Juiz de Fora;Rio de Janeiro;Beleza & Filmes;https://cloudflare-ipfs.com/ipfs/Qmd3W5DuhgHirLHGVixi6V76LhCkZUz6pnFt5AJBiyvHye/avatar/1094.jpg
Raul Batista;Raul_Batista@gmail.com;96756-992;Oliveira Rodovia;500;São Gonçalo;Rondônia;Beleza, Brinquedos & Esportes;https://cloudflare-ipfs.com/ipfs/Qmd3W5DuhgHirLHGVixi6V76LhCkZUz6pnFt5AJBiyvHye/avatar/1023.jpg
João Oliveira;Joao.Oliveira25@gmail.com;16178-373;Moreira Rodovia;397;São Gonçalo;Mato Grosso;Ferramentas, Jóias & Beleza;https://cloudflare-ipfs.com/ipfs/Qmd3W5DuhgHirLHGVixi6V76LhCkZUz6pnFt5AJBiyvHye/avatar/390.jpg
Alice Reis;Alice45@live.com;66182-154;Carvalho Rua;101;Camaçari;Espírito Santo;Mercearia, Bebê & Automotivo;https://cloudflare-ipfs.com/ipfs/Qmd3W5DuhgHirLHGVixi6V76LhCkZUz6pnFt5AJBiyvHye/avatar/1067.jpg
Alexandre Batista;Alexandre46@bol.com.br;99471-384;Souza Rodovia;11;São José do Rio Preto;Ceará;Ferramentas;https://cloudflare-ipfs.com/ipfs/Qmd3W5DuhgHirLHGVixi6V76LhCkZUz6pnFt5AJBiyvHye/avatar/929.jpg
Roberta Braga;Roberta_Braga59@bol.com.br;58972-790;Víctor Travessa;426;Londrina;Pernambuco;Jóias & Esportes;https://cloudflare-ipfs.com/ipfs/Qmd3W5DuhgHirLHGVixi6V76LhCkZUz6pnFt5AJBiyvHye/avatar/535.jpg
Luiza Pereira;Luiza.Pereira@bol.com.br;76545-814;Benjamin Rodovia;907;Campo Grande;Amapá;Eletrônicos;https://cloudflare-ipfs.com/ipfs/Qmd3W5DuhgHirLHGVixi6V76LhCkZUz6pnFt5AJBiyvHye/avatar/469.jpg
Marcela Reis;Marcela_Reis@yahoo.com;58826-092;Moraes Rodovia;107;Vitória da Conquista;Espírito Santo;Beleza;https://cloudflare-ipfs.com/ipfs/Qmd3W5DuhgHirLHGVixi6V76LhCkZUz6pnFt5AJBiyvHye/avatar/988.jpg
Ana Luiza Moreira;AnaLuiza.Moreira@yahoo.com;65371-901;Reis Rodovia;224;Goiânia;Amazonas;Música & Bebê;https://cloudflare-ipfs.com/ipfs/Qmd3W5DuhgHirLHGVixi6V76LhCkZUz6pnFt5AJBiyvHye/avatar/1120.jpg
Víctor Costa;Victor_Costa68@hotmail.com;84828-814;Caio Rodovia;985;Caucaia;Mato Grosso do Sul;Roupas, Brinquedos & Jogos;https://cloudflare-ipfs.com/ipfs/Qmd3W5DuhgHirLHGVixi6V76LhCkZUz6pnFt5AJBiyvHye/avatar/693.jpg
Aline Silva;Aline4@bol.com.br;57529-211;Santos Rodovia;819;São João de Meriti;Rondônia;Jogos;https://cloudflare-ipfs.com/ipfs/Qmd3W5DuhgHirLHGVixi6V76LhCkZUz6pnFt5AJBiyvHye/avatar/240.jpg
Mariana Reis;Mariana.Reis@hotmail.com;65056-647;Carvalho Alameda;820;Anápolis;Maranhão;Bebê, Crianças & Saúde;https://cloudflare-ipfs.com/ipfs/Qmd3W5DuhgHirLHGVixi6V76LhCkZUz6pnFt5AJBiyvHye/avatar/1126.jpg
João Batista;Joao_Batista@live.com;95507-892;Xavier Rua;856;Paulista;Minas Gerais;Música, Mercearia & Beleza;https://cloudflare-ipfs.com/ipfs/Qmd3W5DuhgHirLHGVixi6V76LhCkZUz6pnFt5AJBiyvHye/avatar/1141.jpg
Sílvia Saraiva;Silvia.Saraiva51@yahoo.com;60342-375;Xavier Alameda;41;Boa Vista;Acre;Filmes;https://cloudflare-ipfs.com/ipfs/Qmd3W5DuhgHirLHGVixi6V76LhCkZUz6pnFt5AJBiyvHye/avatar/1019.jpg
Maria Oliveira;Maria50@live.com;05110-976;Eduarda Rua;694;Porto Alegre;Tocantins;Turismo, Saúde & Turismo;https://cloudflare-ipfs.com/ipfs/Qmd3W5DuhgHirLHGVixi6V76LhCkZUz6pnFt5AJBiyvHye/avatar/280.jpg
Benício Melo;Benicio1@yahoo.com;08735-007;Moreira Rua;301;Suzano;Sergipe;Esportes, Beleza & Ferramentas;https://cloudflare-ipfs.com/ipfs/Qmd3W5DuhgHirLHGVixi6V76LhCkZUz6pnFt5AJBiyvHye/avatar/1137.jpg
Enzo Souza;Enzo_Souza21@bol.com.br;84725-730;Cecília Rodovia;930;Belém;Pernambuco;Turismo;https://cloudflare-ipfs.com/ipfs/Qmd3W5DuhgHirLHGVixi6V76LhCkZUz6pnFt5AJBiyvHye/avatar/391.jpg
Emanuel Souza;Emanuel_Souza@hotmail.com;49078-736;Breno Travessa;565;Ananindeua;Minas Gerais;Crianças & Filmes;https://cloudflare-ipfs.com/ipfs/Qmd3W5DuhgHirLHGVixi6V76LhCkZUz6pnFt5AJBiyvHye/avatar/950.jpg
Yuri Silva;Yuri81@yahoo.com;15500-502;Cecília Rua;24;Vitória;Amazonas;Música;https://cloudflare-ipfs.com/ipfs/Qmd3W5DuhgHirLHGVixi6V76LhCkZUz6pnFt5AJBiyvHye/avatar/249.jpg
Ana Luiza Melo;AnaLuiza_Melo18@live.com;63094-661;Lorraine Alameda;394;Caucaia;Rondônia;Eletrônicos;https://cloudflare-ipfs.com/ipfs/Qmd3W5DuhgHirLHGVixi6V76LhCkZUz6pnFt5AJBiyvHye/avatar/746.jpg
Antônio Reis;Antonio_Reis@gmail.com;32577-912;Marcela Avenida;129;Bauru;Tocantins;Computadores, Casa & Beleza;https://cloudflare-ipfs.com/ipfs/Qmd3W5DuhgHirLHGVixi6V76LhCkZUz6pnFt5AJBiyvHye/avatar/114.jpg
Isis Oliveira;Isis_Oliveira@yahoo.com;54886-811;Moreira Rodovia;614;Guarujá;Alagoas;Beleza & Brinquedos;https://cloudflare-ipfs.com/ipfs/Qmd3W5DuhgHirLHGVixi6V76LhCkZUz6pnFt5AJBiyvHye/avatar/104.jpg
Gabriel Franco;Gabriel_Franco@live.com;62260-436;Raul Rua;246;Mossoró;Espírito Santo;Filmes;https://cloudflare-ipfs.com/ipfs/Qmd3W5DuhgHirLHGVixi6V76LhCkZUz6pnFt5AJBiyvHye/avatar/655.jpg
Núbia Batista;Nubia52@gmail.com;57783-799;Hélio Rodovia;61;Fortaleza;Acre;Bebê & Sapatos;https://cloudflare-ipfs.com/ipfs/Qmd3W5DuhgHirLHGVixi6V76LhCkZUz6pnFt5AJBiyvHye/avatar/157.jpg
Esther Carvalho;Esther78@bol.com.br;08048-940;Braga Travessa;140;Recife;Goiás;Brinquedos, Roupas & Automotivo;https://cloudflare-ipfs.com/ipfs/Qmd3W5DuhgHirLHGVixi6V76LhCkZUz6pnFt5AJBiyvHye/avatar/1143.jpg
Lara Braga;Lara42@bol.com.br;81937-995;Martins Rodovia;350;Franca;Piauí;Mercearia & Música;https://cloudflare-ipfs.com/ipfs/Qmd3W5DuhgHirLHGVixi6V76LhCkZUz6pnFt5AJBiyvHye/avatar/198.jpg
Júlio Moraes;Julio.Moraes@hotmail.com;74276-259;Batista Rua;610;Caruaru;São Paulo;Brinquedos, Computadores & Livros;https://cloudflare-ipfs.com/ipfs/Qmd3W5DuhgHirLHGVixi6V76LhCkZUz6pnFt5AJBiyvHye/avatar/441.jpg
Kléber Oliveira;Kleber45@bol.com.br;53885-925;Costa Alameda;877;Blumenau;Minas Gerais;Beleza, Automotivo & Brinquedos;https://cloudflare-ipfs.com/ipfs/Qmd3W5DuhgHirLHGVixi6V76LhCkZUz6pnFt5AJBiyvHye/avatar/1128.jpg
Alícia Xavier;Alicia.Xavier@hotmail.com;03371-947;Gabriel Rodovia;114;Taboão da Serra;Sergipe;Jóias & Bebê;https://cloudflare-ipfs.com/ipfs/Qmd3W5DuhgHirLHGVixi6V76LhCkZUz6pnFt5AJBiyvHye/avatar/502.jpg
Elísio Costa;Elisio.Costa@hotmail.com;36271-913;Yago Alameda;748;Petrópolis;Sergipe;Crianças;https://cloudflare-ipfs.com/ipfs/Qmd3W5DuhgHirLHGVixi6V76LhCkZUz6pnFt5AJBiyvHye/avatar/983.jpg
Rebeca Batista;Rebeca11@hotmail.com;28580-205;Joaquim Alameda;53;Sorocaba;Rio de Janeiro;Filmes & Beleza;https://cloudflare-ipfs.com/ipfs/Qmd3W5DuhgHirLHGVixi6V76LhCkZUz6pnFt5AJBiyvHye/avatar/121.jpg
Natália Pereira;Natalia16@live.com;79147-783;Gúbio Alameda;59;Belém;Mato Grosso;Crianças, Turismo & Casa;https://cloudflare-ipfs.com/ipfs/Qmd3W5DuhgHirLHGVixi6V76LhCkZUz6pnFt5AJBiyvHye/avatar/803.jpg
Beatriz Batista;Beatriz_Batista@yahoo.com;08388-388;Margarida Travessa;402;Ponta Grossa;Ceará;Livros, Casa & Beleza;https://cloudflare-ipfs.com/ipfs/Qmd3W5DuhgHirLHGVixi6V76LhCkZUz6pnFt5AJBiyvHye/avatar/788.jpg
Danilo Xavier;Danilo_Xavier@gmail.com;12680-090;Ana Júlia Alameda;338;Petrolina;Maranhão;Filmes, Esportes & Bebê;https://cloudflare-ipfs.com/ipfs/Qmd3W5DuhgHirLHGVixi6V76LhCkZUz6pnFt5AJBiyvHye/avatar/812.jpg
Rebeca Nogueira;Rebeca.Nogueira@hotmail.com;70081-939;Souza Travessa;299;Brasília;Rio de Janeiro;Mercearia;https://cloudflare-ipfs.com/ipfs/Qmd3W5DuhgHirLHGVixi6V76LhCkZUz6pnFt5AJBiyvHye/avatar/312.jpg
Antônio Moreira;Antonio_Moreira@bol.com.br;69945-642;Pereira Alameda;766;Sumaré;Roraima;Turismo & Jardim;https://cloudflare-ipfs.com/ipfs/Qmd3W5DuhgHirLHGVixi6V76LhCkZUz6pnFt5AJBiyvHye/avatar/555.jpg
Benício Silva;Benicio56@hotmail.com;08914-235;Martins Rodovia;769;Jundiaí;Paraná;Esportes;https://cloudflare-ipfs.com/ipfs/Qmd3W5DuhgHirLHGVixi6V76LhCkZUz6pnFt5AJBiyvHye/avatar/663.jpg
Sirineu Reis;Sirineu.Reis5@yahoo.com;23596-082;Emanuel Marginal;507;Carapicuíba;Rondônia;Mercearia, Mercearia & Beleza;https://cloudflare-ipfs.com/ipfs/Qmd3W5DuhgHirLHGVixi6V76LhCkZUz6pnFt5AJBiyvHye/avatar/1112.jpg
Anthony Pereira;Anthony.Pereira39@gmail.com;65611-272;Ladislau Travessa;779;Pelotas;Mato Grosso do Sul;Jogos;https://cloudflare-ipfs.com/ipfs/Qmd3W5DuhgHirLHGVixi6V76LhCkZUz6pnFt5AJBiyvHye/avatar/735.jpg
Dalila Souza;Dalila88@bol.com.br;18998-445;Moraes Avenida;728;Juiz de Fora;Amapá;Jogos;https://cloudflare-ipfs.com/ipfs/Qmd3W5DuhgHirLHGVixi6V76LhCkZUz6pnFt5AJBiyvHye/avatar/233.jpg
Ígor Barros;Igor61@yahoo.com;38024-456;Maria Júlia Alameda;22;Vitória;Pernambuco;Industrial & Eletrônicos;https://cloudflare-ipfs.com/ipfs/Qmd3W5DuhgHirLHGVixi6V76LhCkZUz6pnFt5AJBiyvHye/avatar/746.jpg
João Miguel Braga;JoaoMiguel_Braga@hotmail.com;14282-885;Souza Travessa;808;Campinas;Bahia;Brinquedos & Beleza;https://cloudflare-ipfs.com/ipfs/Qmd3W5DuhgHirLHGVixi6V76LhCkZUz6pnFt5AJBiyvHye/avatar/457.jpg
Sara Albuquerque;Sara_Albuquerque95@live.com;92006-714;Heloísa Avenida;20;São José do Rio Preto;Amapá;Crianças & Roupas;https://cloudflare-ipfs.com/ipfs/Qmd3W5DuhgHirLHGVixi6V76LhCkZUz6pnFt5AJBiyvHye/avatar/7.jpg
Fabrício Pereira;Fabricio_Pereira26@live.com;30690-142;Santos Avenida;71;São José do Rio Preto;São Paulo;Livros & Beleza;https://cloudflare-ipfs.com/ipfs/Qmd3W5DuhgHirLHGVixi6V76LhCkZUz6pnFt5AJBiyvHye/avatar/1197.jpg
Caio Macedo;Caio.Macedo98@yahoo.com;61073-438;Xavier Travessa;168;Caxias do Sul;Rio de Janeiro;Sapatos;https://cloudflare-ipfs.com/ipfs/Qmd3W5DuhgHirLHGVixi6V76LhCkZUz6pnFt5AJBiyvHye/avatar/813.jpg
Sara Moraes;Sara.Moraes@bol.com.br;93607-097;Janaína Alameda;696;Natal;Rio de Janeiro;Beleza & Livros;https://cloudflare-ipfs.com/ipfs/Qmd3W5DuhgHirLHGVixi6V76LhCkZUz6pnFt5AJBiyvHye/avatar/851.jpg
Gustavo Santos;Gustavo_Santos3@gmail.com;29155-138;Melissa Avenida;834;Caruaru;Piauí;Turismo & Sapatos;https://cloudflare-ipfs.com/ipfs/Qmd3W5DuhgHirLHGVixi6V76LhCkZUz6pnFt5AJBiyvHye/avatar/767.jpg
Ígor Batista;Igor5@gmail.com;68675-080;Souza Travessa;799;Rio de Janeiro;Paraíba;Automotivo;https://cloudflare-ipfs.com/ipfs/Qmd3W5DuhgHirLHGVixi6V76LhCkZUz6pnFt5AJBiyvHye/avatar/376.jpg
Ofélia Batista;Ofelia31@hotmail.com;17491-901;Rebeca Rua;27;São Luís;Roraima;Crianças;https://cloudflare-ipfs.com/ipfs/Qmd3W5DuhgHirLHGVixi6V76LhCkZUz6pnFt5AJBiyvHye/avatar/1141.jpg
Ana Júlia Nogueira;AnaJulia83@bol.com.br;16904-525;Barros Rua;55;Gravataí;Mato Grosso;Saúde, Livros & Ferramentas;https://cloudflare-ipfs.com/ipfs/Qmd3W5DuhgHirLHGVixi6V76LhCkZUz6pnFt5AJBiyvHye/avatar/792.jpg
Cauã Macedo;Caua_Macedo72@bol.com.br;37872-815;Souza Rodovia;640;Limeira;Santa Catarina;Filmes & Automotivo;https://cloudflare-ipfs.com/ipfs/Qmd3W5DuhgHirLHGVixi6V76LhCkZUz6pnFt5AJBiyvHye/avatar/49.jpg
Sophia Moreira;Sophia.Moreira@gmail.com;12878-996;Braga Alameda;934;Maringá;Maranhão;Eletrônicos, Música & Jóias;https://cloudflare-ipfs.com/ipfs/Qmd3W5DuhgHirLHGVixi6V76LhCkZUz6pnFt5AJBiyvHye/avatar/1015.jpg
Clara Reis;Clara47@bol.com.br;97361-155;Félix Avenida;910;Canoas;Piauí;Industrial & Filmes;https://cloudflare-ipfs.com/ipfs/Qmd3W5DuhgHirLHGVixi6V76LhCkZUz6pnFt5AJBiyvHye/avatar/161.jpg
Maitê Nogueira;Maite.Nogueira47@hotmail.com;29368-455;Melo Travessa;783;Boa Vista;Mato Grosso;Industrial & Industrial;https://cloudflare-ipfs.com/ipfs/Qmd3W5DuhgHirLHGVixi6V76LhCkZUz6pnFt5AJBiyvHye/avatar/926.jpg
Alessandra Martins;Alessandra.Martins22@yahoo.com;24522-526;Melo Rodovia;482;Vila Velha;Ceará;Mercearia;https://cloudflare-ipfs.com/ipfs/Qmd3W5DuhgHirLHGVixi6V76LhCkZUz6pnFt5AJBiyvHye/avatar/26.jpg
Eduardo Albuquerque;Eduardo14@hotmail.com;51177-284;Rafaela Marginal;137;Bauru;Espírito Santo;Saúde & Crianças;https://cloudflare-ipfs.com/ipfs/Qmd3W5DuhgHirLHGVixi6V76LhCkZUz6pnFt5AJBiyvHye/avatar/659.jpg
Marcela Saraiva;Marcela_Saraiva@bol.com.br;71791-918;Barros Marginal;264;São José do Rio Preto;Amazonas;Esportes & Sapatos;https://cloudflare-ipfs.com/ipfs/Qmd3W5DuhgHirLHGVixi6V76LhCkZUz6pnFt5AJBiyvHye/avatar/506.jpg
Vicente Souza;Vicente80@yahoo.com;55701-583;Ana Júlia Avenida;346;Bauru;Goiás;Eletrônicos & Computadores;https://cloudflare-ipfs.com/ipfs/Qmd3W5DuhgHirLHGVixi6V76LhCkZUz6pnFt5AJBiyvHye/avatar/1097.jpg
Isis Pereira;Isis.Pereira@yahoo.com;12998-436;Melo Marginal;961;Santo André;Piauí;Livros & Bebê;https://cloudflare-ipfs.com/ipfs/Qmd3W5DuhgHirLHGVixi6V76LhCkZUz6pnFt5AJBiyvHye/avatar/861.jpg
Maria Luiza Pereira;MariaLuiza48@bol.com.br;23454-358;Rebeca Rodovia;661;São José do Rio Preto;Acre;Computadores, Brinquedos & Casa;https://cloudflare-ipfs.com/ipfs/Qmd3W5DuhgHirLHGVixi6V76LhCkZUz6pnFt5AJBiyvHye/avatar/117.jpg
Ricardo Macedo;Ricardo.Macedo@hotmail.com;06466-074;João Lucas Rodovia;816;Nova Iguaçu;Amazonas;Sapatos & Filmes;https://cloudflare-ipfs.com/ipfs/Qmd3W5DuhgHirLHGVixi6V76LhCkZUz6pnFt5AJBiyvHye/avatar/946.jpg
João Miguel Moraes;JoaoMiguel80@live.com;86702-070;Karla Travessa;39;Macapá;Amapá;Livros, Casa & Crianças;https://cloudflare-ipfs.com/ipfs/Qmd3W5DuhgHirLHGVixi6V76LhCkZUz6pnFt5AJBiyvHye/avatar/200.jpg
Bruna Braga;Bruna.Braga70@live.com;20853-379;Dalila Rua;993;Aracaju;Santa Catarina;Computadores & Jogos;https://cloudflare-ipfs.com/ipfs/Qmd3W5DuhgHirLHGVixi6V76LhCkZUz6pnFt5AJBiyvHye/avatar/723.jpg
Lorraine Reis;Lorraine_Reis77@yahoo.com;67863-740;Alice Travessa;475;Rio de Janeiro;Alagoas;Ferramentas & Beleza;https://cloudflare-ipfs.com/ipfs/Qmd3W5DuhgHirLHGVixi6V76LhCkZUz6pnFt5AJBiyvHye/avatar/992.jpg
Gúbio Nogueira;Gubio.Nogueira59@live.com;29933-601;Costa Alameda;942;Mossoró;Mato Grosso;Casa;https://cloudflare-ipfs.com/ipfs/Qmd3W5DuhgHirLHGVixi6V76LhCkZUz6pnFt5AJBiyvHye/avatar/868.jpg
João Miguel Carvalho;JoaoMiguel60@hotmail.com;35874-906;Yuri Avenida;770;Londrina;Espírito Santo;Mercearia;https://cloudflare-ipfs.com/ipfs/Qmd3W5DuhgHirLHGVixi6V76LhCkZUz6pnFt5AJBiyvHye/avatar/23.jpg
Ana Laura Pereira;AnaLaura_Pereira69@hotmail.com;74305-915;Macedo Avenida;428;São Paulo;Pernambuco;Automotivo & Mercearia;https://cloudflare-ipfs.com/ipfs/Qmd3W5DuhgHirLHGVixi6V76LhCkZUz6pnFt5AJBiyvHye/avatar/809.jpg
Morgana Carvalho;Morgana_Carvalho@live.com;42966-814;Moreira Marginal;528;Praia Grande;Distrito Federal;Roupas;https://cloudflare-ipfs.com/ipfs/Qmd3W5DuhgHirLHGVixi6V76LhCkZUz6pnFt5AJBiyvHye/avatar/686.jpg
Maria Luiza Martins;MariaLuiza.Martins@live.com;18829-414;Washington Rua;741;Santos;Santa Catarina;Filmes;https://cloudflare-ipfs.com/ipfs/Qmd3W5DuhgHirLHGVixi6V76LhCkZUz6pnFt5AJBiyvHye/avatar/434.jpg
Helena Braga;Helena_Braga51@yahoo.com;80223-701;Batista Avenida;928;Uberaba;Paraná;Música & Jardim;https://cloudflare-ipfs.com/ipfs/Qmd3W5DuhgHirLHGVixi6V76LhCkZUz6pnFt5AJBiyvHye/avatar/611.jpg
Felícia Braga;Felicia.Braga@hotmail.com;95528-589;Maria Helena Alameda;531;Bauru;Roraima;Filmes;https://cloudflare-ipfs.com/ipfs/Qmd3W5DuhgHirLHGVixi6V76LhCkZUz6pnFt5AJBiyvHye/avatar/934.jpg
Enzo Melo;Enzo68@yahoo.com;48288-903;Santos Avenida;433;Natal;Rio Grande do Norte;Livros, Jogos & Esportes;https://cloudflare-ipfs.com/ipfs/Qmd3W5DuhgHirLHGVixi6V76LhCkZUz6pnFt5AJBiyvHye/avatar/317.jpg
Margarida Nogueira;Margarida67@live.com;00446-954;Barros Marginal;786;Belo Horizonte;Acre;Roupas;https://cloudflare-ipfs.com/ipfs/Qmd3W5DuhgHirLHGVixi6V76LhCkZUz6pnFt5AJBiyvHye/avatar/286.jpg
Nicolas Moreira;Nicolas.Moreira@hotmail.com;94016-906;Santos Rua;295;São João de Meriti;Rio de Janeiro;Automotivo;https://cloudflare-ipfs.com/ipfs/Qmd3W5DuhgHirLHGVixi6V76LhCkZUz6pnFt5AJBiyvHye/avatar/147.jpg
Isabella Braga;Isabella_Braga60@yahoo.com;22948-702;Esther Rodovia;382;São José do Rio Preto;Roraima;Livros & Livros;https://cloudflare-ipfs.com/ipfs/Qmd3W5DuhgHirLHGVixi6V76LhCkZUz6pnFt5AJBiyvHye/avatar/542.jpg
Suélen Saraiva;Suelen_Saraiva86@hotmail.com;42932-714;Alexandre Travessa;320;Suzano;Acre;Jogos & Ferramentas;https://cloudflare-ipfs.com/ipfs/Qmd3W5DuhgHirLHGVixi6V76LhCkZUz6pnFt5AJBiyvHye/avatar/1197.jpg
Enzo Silva;Enzo_Silva@hotmail.com;67838-150;Batista Rua;604;Rio Branco;Alagoas;Jogos, Música & Jardim;https://cloudflare-ipfs.com/ipfs/Qmd3W5DuhgHirLHGVixi6V76LhCkZUz6pnFt5AJBiyvHye/avatar/424.jpg
Marli Carvalho;Marli4@hotmail.com;61480-935;Marcelo Rodovia;185;São Paulo;Minas Gerais;Roupas & Automotivo;https://cloudflare-ipfs.com/ipfs/Qmd3W5DuhgHirLHGVixi6V76LhCkZUz6pnFt5AJBiyvHye/avatar/353.jpg
Lorena Santos;Lorena_Santos@bol.com.br;63173-839;Melissa Travessa;892;São Luís;Tocantins;Saúde;https://cloudflare-ipfs.com/ipfs/Qmd3W5DuhgHirLHGVixi6V76LhCkZUz6pnFt5AJBiyvHye/avatar/976.jpg
César Albuquerque;Cesar16@hotmail.com;87788-013;Pedro Rua;443;São Gonçalo;Distrito Federal;Esportes & Ferramentas;https://cloudflare-ipfs.com/ipfs/Qmd3W5DuhgHirLHGVixi6V76LhCkZUz6pnFt5AJBiyvHye/avatar/524.jpg
Emanuel Xavier;Emanuel.Xavier6@gmail.com;37309-361;Mariana Alameda;515;Santos;Pernambuco;Computadores & Jogos;https://cloudflare-ipfs.com/ipfs/Qmd3W5DuhgHirLHGVixi6V76LhCkZUz6pnFt5AJBiyvHye/avatar/495.jpg
Alícia Macedo;Alicia28@hotmail.com;10651-439;Silva Travessa;811;Paulista;Alagoas;Filmes, Eletrônicos & Automotivo;https://cloudflare-ipfs.com/ipfs/Qmd3W5DuhgHirLHGVixi6V76LhCkZUz6pnFt5AJBiyvHye/avatar/612.jpg
Maitê Santos;Maite11@hotmail.com;20729-847;Saraiva Alameda;860;Rio de Janeiro;Paraná;Bebê & Jogos;https://cloudflare-ipfs.com/ipfs/Qmd3W5DuhgHirLHGVixi6V76LhCkZUz6pnFt5AJBiyvHye/avatar/23.jpg
Maria Luiza Santos;MariaLuiza95@yahoo.com;75513-866;Moraes Travessa;68;Belém;Paraíba;Música & Música;https://cloudflare-ipfs.com/ipfs/Qmd3W5DuhgHirLHGVixi6V76LhCkZUz6pnFt5AJBiyvHye/avatar/285.jpg
Maria Clara Franco;MariaClara.Franco@live.com;89224-319;Nogueira Alameda;118;Mogi das Cruzes;Alagoas;Esportes & Turismo;https://cloudflare-ipfs.com/ipfs/Qmd3W5DuhgHirLHGVixi6V76LhCkZUz6pnFt5AJBiyvHye/avatar/1014.jpg
Carla Moraes;Carla.Moraes@live.com;58237-875;Xavier Avenida;118;Palmas;Maranhão;Jóias, Roupas & Jardim;https://cloudflare-ipfs.com/ipfs/Qmd3W5DuhgHirLHGVixi6V76LhCkZUz6pnFt5AJBiyvHye/avatar/602.jpg
Matheus Xavier;Matheus.Xavier@live.com;82522-084;Júlio César Travessa;149;Serra;Ceará;Turismo;https://cloudflare-ipfs.com/ipfs/Qmd3W5DuhgHirLHGVixi6V76LhCkZUz6pnFt5AJBiyvHye/avatar/1010.jpg
Maria Clara Franco;MariaClara.Franco@gmail.com;49237-775;Heitor Travessa;619;Florianópolis;Pará;Bebê, Industrial & Filmes;https://cloudflare-ipfs.com/ipfs/Qmd3W5DuhgHirLHGVixi6V76LhCkZUz6pnFt5AJBiyvHye/avatar/54.jpg
Melissa Reis;Melissa_Reis@gmail.com;93513-018;Carvalho Rodovia;855;Vila Velha;Acre;Automotivo, Beleza & Jardim;https://cloudflare-ipfs.com/ipfs/Qmd3W5DuhgHirLHGVixi6V76LhCkZUz6pnFt5AJBiyvHye/avatar/812.jpg
Mariana Martins;Mariana_Martins@gmail.com;78459-299;Moreira Alameda;172;São Vicente;Maranhão;Casa;https://cloudflare-ipfs.com/ipfs/Qmd3W5DuhgHirLHGVixi6V76LhCkZUz6pnFt5AJBiyvHye/avatar/210.jpg
Bryan Oliveira;Bryan.Oliveira@hotmail.com;03653-646;Ricardo Marginal;511;Gravataí;Rio Grande do Sul;Mercearia & Jogos;https://cloudflare-ipfs.com/ipfs/Qmd3W5DuhgHirLHGVixi6V76LhCkZUz6pnFt5AJBiyvHye/avatar/832.jpg
Maitê Carvalho;Maite_Carvalho@gmail.com;18930-164;Luiza Alameda;433;Rio Branco;Rio de Janeiro;Música;https://cloudflare-ipfs.com/ipfs/Qmd3W5DuhgHirLHGVixi6V76LhCkZUz6pnFt5AJBiyvHye/avatar/585.jpg
Manuela Xavier;Manuela57@hotmail.com;70695-844;Pereira Rua;546;Juiz de Fora;Distrito Federal;Roupas & Filmes;https://cloudflare-ipfs.com/ipfs/Qmd3W5DuhgHirLHGVixi6V76LhCkZUz6pnFt5AJBiyvHye/avatar/115.jpg
Sara Albuquerque;Sara81@hotmail.com;91887-882;Carvalho Rua;127;Palmas;Tocantins;Roupas & Filmes;https://cloudflare-ipfs.com/ipfs/Qmd3W5DuhgHirLHGVixi6V76LhCkZUz6pnFt5AJBiyvHye/avatar/378.jpg
Warley Carvalho;Warley8@hotmail.com;86577-698;Isabel Rodovia;911;São José dos Campos;Rio Grande do Sul;Jóias & Automotivo;https://cloudflare-ipfs.com/ipfs/Qmd3W5DuhgHirLHGVixi6V76LhCkZUz6pnFt5AJBiyvHye/avatar/140.jpg
Esther Moreira;Esther92@bol.com.br;10012-117;Saraiva Marginal;982;Londrina;Roraima;Jogos, Filmes & Brinquedos;https://cloudflare-ipfs.com/ipfs/Qmd3W5DuhgHirLHGVixi6V76LhCkZUz6pnFt5AJBiyvHye/avatar/448.jpg
Esther Carvalho;Esther_Carvalho@yahoo.com;85776-969;Macedo Travessa;814;Betim;Ceará;Ferramentas & Industrial;https://cloudflare-ipfs.com/ipfs/Qmd3W5DuhgHirLHGVixi6V76LhCkZUz6pnFt5AJBiyvHye/avatar/1111.jpg
Bernardo Macedo;Bernardo.Macedo@gmail.com;07940-946;Costa Rodovia;544;Petrópolis;Distrito Federal;Esportes;https://cloudflare-ipfs.com/ipfs/Qmd3W5DuhgHirLHGVixi6V76LhCkZUz6pnFt5AJBiyvHye/avatar/1134.jpg
Lavínia Costa;Lavinia_Costa55@hotmail.com;78353-048;Moraes Rodovia;129;Ananindeua;Mato Grosso do Sul;Filmes & Música;https://cloudflare-ipfs.com/ipfs/Qmd3W5DuhgHirLHGVixi6V76LhCkZUz6pnFt5AJBiyvHye/avatar/834.jpg
Caio Reis;Caio.Reis@hotmail.com;04358-672;Márcia Travessa;398;Carapicuíba;Roraima;Esportes & Roupas;https://cloudflare-ipfs.com/ipfs/Qmd3W5DuhgHirLHGVixi6V76LhCkZUz6pnFt5AJBiyvHye/avatar/980.jpg
Lucas Melo;Lucas68@hotmail.com;63582-986;Eduardo Rodovia;278;Boa Vista;Piauí;Computadores;https://cloudflare-ipfs.com/ipfs/Qmd3W5DuhgHirLHGVixi6V76LhCkZUz6pnFt5AJBiyvHye/avatar/346.jpg
Roberto Xavier;Roberto.Xavier@gmail.com;99803-765;Ana Luiza Rodovia;316;Maringá;Acre;Computadores;https://cloudflare-ipfs.com/ipfs/Qmd3W5DuhgHirLHGVixi6V76LhCkZUz6pnFt5AJBiyvHye/avatar/81.jpg
Alice Carvalho;Alice97@hotmail.com;40948-147;João Lucas Rua;67;Vitória;Rio de Janeiro;Beleza, Mercearia & Crianças;https://cloudflare-ipfs.com/ipfs/Qmd3W5DuhgHirLHGVixi6V76LhCkZUz6pnFt5AJBiyvHye/avatar/1171.jpg
Ana Laura Macedo;AnaLaura86@yahoo.com;47751-955;Roberta Avenida;99;Santarém;Rondônia;Mercearia & Filmes;https://cloudflare-ipfs.com/ipfs/Qmd3W5DuhgHirLHGVixi6V76LhCkZUz6pnFt5AJBiyvHye/avatar/97.jpg
Rafaela Franco;Rafaela.Franco10@hotmail.com;80941-566;Moreira Rodovia;523;Ponta Grossa;Amapá;Beleza, Sapatos & Jóias;https://cloudflare-ipfs.com/ipfs/Qmd3W5DuhgHirLHGVixi6V76LhCkZUz6pnFt5AJBiyvHye/avatar/122.jpg
Paulo Franco;Paulo_Franco55@yahoo.com;50154-503;Rafaela Avenida;217;Caucaia;Acre;Bebê;https://cloudflare-ipfs.com/ipfs/Qmd3W5DuhgHirLHGVixi6V76LhCkZUz6pnFt5AJBiyvHye/avatar/627.jpg
Isis Franco;Isis_Franco@gmail.com;73841-094;Batista Alameda;158;Campina Grande;Ceará;Filmes, Turismo & Livros;https://cloudflare-ipfs.com/ipfs/Qmd3W5DuhgHirLHGVixi6V76LhCkZUz6pnFt5AJBiyvHye/avatar/0.jpg
Núbia Batista;Nubia.Batista27@yahoo.com;50195-227;Moreira Avenida;624;Porto Alegre;Maranhão;Esportes & Turismo;https://cloudflare-ipfs.com/ipfs/Qmd3W5DuhgHirLHGVixi6V76LhCkZUz6pnFt5AJBiyvHye/avatar/108.jpg
Ígor Xavier;Igor.Xavier@live.com;80755-535;Nogueira Rodovia;411;Vitória;Goiás;Automotivo & Turismo;https://cloudflare-ipfs.com/ipfs/Qmd3W5DuhgHirLHGVixi6V76LhCkZUz6pnFt5AJBiyvHye/avatar/1136.jpg
Sirineu Xavier;Sirineu1@gmail.com;22918-309;Júlia Avenida;171;Juiz de Fora;Piauí;Livros & Jóias;https://cloudflare-ipfs.com/ipfs/Qmd3W5DuhgHirLHGVixi6V76LhCkZUz6pnFt5AJBiyvHye/avatar/971.jpg
Elisa Martins;Elisa_Martins@yahoo.com;12602-284;Pereira Rua;533;Franca;São Paulo;Eletrônicos, Jogos & Bebê;https://cloudflare-ipfs.com/ipfs/Qmd3W5DuhgHirLHGVixi6V76LhCkZUz6pnFt5AJBiyvHye/avatar/319.jpg
Alexandre Melo;Alexandre.Melo@live.com;05423-421;Batista Rodovia;89;Caruaru;Bahia;Crianças, Saúde & Turismo;https://cloudflare-ipfs.com/ipfs/Qmd3W5DuhgHirLHGVixi6V76LhCkZUz6pnFt5AJBiyvHye/avatar/56.jpg
Lucas Souza;Lucas10@gmail.com;81627-763;Arthur Travessa;454;Curitiba;Paraná;Livros & Automotivo;https://cloudflare-ipfs.com/ipfs/Qmd3W5DuhgHirLHGVixi6V76LhCkZUz6pnFt5AJBiyvHye/avatar/982.jpg
Laura Santos;Laura.Santos@hotmail.com;90563-091;Saraiva Marginal;527;Pelotas;Paraíba;Jóias & Sapatos;https://cloudflare-ipfs.com/ipfs/Qmd3W5DuhgHirLHGVixi6V76LhCkZUz6pnFt5AJBiyvHye/avatar/758.jpg
Morgana Martins;Morgana.Martins@hotmail.com;63189-438;Marcela Rodovia;156;Petrolina;Amapá;Jardim & Esportes;https://cloudflare-ipfs.com/ipfs/Qmd3W5DuhgHirLHGVixi6V76LhCkZUz6pnFt5AJBiyvHye/avatar/805.jpg
Cecília Barros;Cecilia.Barros@bol.com.br;51738-196;Nicolas Marginal;15;São José do Rio Preto;Acre;Beleza, Sapatos & Turismo;https://cloudflare-ipfs.com/ipfs/Qmd3W5DuhgHirLHGVixi6V76LhCkZUz6pnFt5AJBiyvHye/avatar/130.jpg
Lorena Barros;Lorena_Barros41@yahoo.com;50504-677;Maitê Avenida;178;Ribeirão das Neves;Rondônia;Jogos;https://cloudflare-ipfs.com/ipfs/Qmd3W5DuhgHirLHGVixi6V76LhCkZUz6pnFt5AJBiyvHye/avatar/528.jpg
Enzo Gabriel Carvalho;EnzoGabriel.Carvalho@hotmail.com;28638-181;Nogueira Rodovia;934;Joinville;Distrito Federal;Roupas & Brinquedos;https://cloudflare-ipfs.com/ipfs/Qmd3W5DuhgHirLHGVixi6V76LhCkZUz6pnFt5AJBiyvHye/avatar/1.jpg
Helena Moraes;Helena.Moraes@hotmail.com;86372-314;Carvalho Rua;367;Aracaju;Espírito Santo;Sapatos;https://cloudflare-ipfs.com/ipfs/Qmd3W5DuhgHirLHGVixi6V76LhCkZUz6pnFt5AJBiyvHye/avatar/548.jpg
Heitor Reis;Heitor37@hotmail.com;27481-576;Barros Rua;833;Uberlândia;Paraíba;Saúde;https://cloudflare-ipfs.com/ipfs/Qmd3W5DuhgHirLHGVixi6V76LhCkZUz6pnFt5AJBiyvHye/avatar/205.jpg
Alícia Costa;Alicia_Costa61@yahoo.com;80530-672;Isabella Avenida;631;Blumenau;Espírito Santo;Turismo, Jardim & Ferramentas;https://cloudflare-ipfs.com/ipfs/Qmd3W5DuhgHirLHGVixi6V76LhCkZUz6pnFt5AJBiyvHye/avatar/685.jpg
Davi Lucca Moreira;DaviLucca84@gmail.com;42778-835;Norberto Marginal;808;Manaus;Distrito Federal;Filmes & Saúde;https://cloudflare-ipfs.com/ipfs/Qmd3W5DuhgHirLHGVixi6V76LhCkZUz6pnFt5AJBiyvHye/avatar/334.jpg
Lorraine Oliveira;Lorraine57@yahoo.com;74882-435;Alícia Alameda;672;São Paulo;Goiás;Bebê & Roupas;https://cloudflare-ipfs.com/ipfs/Qmd3W5DuhgHirLHGVixi6V76LhCkZUz6pnFt5AJBiyvHye/avatar/797.jpg
Ladislau Saraiva;Ladislau_Saraiva61@bol.com.br;75668-944;Moreira Rua;579;Mogi das Cruzes;Bahia;Livros & Livros;https://cloudflare-ipfs.com/ipfs/Qmd3W5DuhgHirLHGVixi6V76LhCkZUz6pnFt5AJBiyvHye/avatar/773.jpg
César Souza;Cesar.Souza@gmail.com;25758-451;Alexandre Travessa;426;Campinas;Rio de Janeiro;Esportes & Saúde;https://cloudflare-ipfs.com/ipfs/Qmd3W5DuhgHirLHGVixi6V76LhCkZUz6pnFt5AJBiyvHye/avatar/623.jpg
Bernardo Saraiva;Bernardo.Saraiva@yahoo.com;11268-239;Xavier Alameda;108;Olinda;Rio Grande do Norte;Música & Música;https://cloudflare-ipfs.com/ipfs/Qmd3W5DuhgHirLHGVixi6V76LhCkZUz6pnFt5AJBiyvHye/avatar/308.jpg
Morgana Santos;Morgana51@yahoo.com;85671-395;Aline Alameda;887;Petrolina;Paraíba;Computadores, Filmes & Industrial;https://cloudflare-ipfs.com/ipfs/Qmd3W5DuhgHirLHGVixi6V76LhCkZUz6pnFt5AJBiyvHye/avatar/819.jpg
Heitor Batista;Heitor.Batista@gmail.com;52133-702;Karla Rua;669;Campina Grande;Bahia;Música, Saúde & Jardim;https://cloudflare-ipfs.com/ipfs/Qmd3W5DuhgHirLHGVixi6V76LhCkZUz6pnFt5AJBiyvHye/avatar/557.jpg
Lívia Saraiva;Livia.Saraiva25@gmail.com;43098-015;Daniel Rodovia;384;Bauru;Rio de Janeiro;Beleza;https://cloudflare-ipfs.com/ipfs/Qmd3W5DuhgHirLHGVixi6V76LhCkZUz6pnFt5AJBiyvHye/avatar/63.jpg
Giovanna Albuquerque;Giovanna.Albuquerque@gmail.com;38597-933;Karla Alameda;399;Rio Branco;Sergipe;Eletrônicos & Sapatos;https://cloudflare-ipfs.com/ipfs/Qmd3W5DuhgHirLHGVixi6V76LhCkZUz6pnFt5AJBiyvHye/avatar/1165.jpg
Maria Júlia Oliveira;MariaJulia.Oliveira44@hotmail.com;53025-345;Oliveira Travessa;506;Paulista;Piauí;Bebê, Industrial & Industrial;https://cloudflare-ipfs.com/ipfs/Qmd3W5DuhgHirLHGVixi6V76LhCkZUz6pnFt5AJBiyvHye/avatar/901.jpg
Feliciano Costa;Feliciano.Costa59@hotmail.com;70832-382;Silva Avenida;69;Suzano;Distrito Federal;Esportes & Jóias;https://cloudflare-ipfs.com/ipfs/Qmd3W5DuhgHirLHGVixi6V76LhCkZUz6pnFt5AJBiyvHye/avatar/1136.jpg
Tertuliano Silva;Tertuliano.Silva32@bol.com.br;05823-356;Silva Alameda;66;Ponta Grossa;Maranhão;Industrial;https://cloudflare-ipfs.com/ipfs/Qmd3W5DuhgHirLHGVixi6V76LhCkZUz6pnFt5AJBiyvHye/avatar/77.jpg
Margarida Costa;Margarida96@live.com;78701-020;Albuquerque Travessa;503;Uberlândia;Espírito Santo;Casa, Saúde & Roupas;https://cloudflare-ipfs.com/ipfs/Qmd3W5DuhgHirLHGVixi6V76LhCkZUz6pnFt5AJBiyvHye/avatar/868.jpg
Pedro Carvalho;Pedro_Carvalho@live.com;44347-880;Frederico Rua;175;Petrópolis;Mato Grosso;Turismo;https://cloudflare-ipfs.com/ipfs/Qmd3W5DuhgHirLHGVixi6V76LhCkZUz6pnFt5AJBiyvHye/avatar/686.jpg
Murilo Carvalho;Murilo_Carvalho@yahoo.com;66092-616;Elísio Rodovia;208;Aracaju;Goiás;Turismo;https://cloudflare-ipfs.com/ipfs/Qmd3W5DuhgHirLHGVixi6V76LhCkZUz6pnFt5AJBiyvHye/avatar/118.jpg
Noah Albuquerque;Noah_Albuquerque@bol.com.br;81212-497;Braga Marginal;753;Jundiaí;Maranhão;Saúde & Industrial;https://cloudflare-ipfs.com/ipfs/Qmd3W5DuhgHirLHGVixi6V76LhCkZUz6pnFt5AJBiyvHye/avatar/1030.jpg
Meire Saraiva;Meire_Saraiva@gmail.com;59148-018;Pereira Rodovia;771;Mauá;Roraima;Casa & Casa;https://cloudflare-ipfs.com/ipfs/Qmd3W5DuhgHirLHGVixi6V76LhCkZUz6pnFt5AJBiyvHye/avatar/20.jpg
Ofélia Reis;Ofelia.Reis@live.com;91977-515;Vitória Travessa;545;Palmas;Piauí;Mercearia & Computadores;https://cloudflare-ipfs.com/ipfs/Qmd3W5DuhgHirLHGVixi6V76LhCkZUz6pnFt5AJBiyvHye/avatar/497.jpg
Anthony Santos;Anthony26@gmail.com;29863-507;Núbia Travessa;901;Limeira;Pernambuco;Saúde;https://cloudflare-ipfs.com/ipfs/Qmd3W5DuhgHirLHGVixi6V76LhCkZUz6pnFt5AJBiyvHye/avatar/925.jpg
Vicente Macedo;Vicente97@gmail.com;19741-279;Ana Júlia Travessa;959;Suzano;Distrito Federal;Industrial, Roupas & Filmes;https://cloudflare-ipfs.com/ipfs/Qmd3W5DuhgHirLHGVixi6V76LhCkZUz6pnFt5AJBiyvHye/avatar/1246.jpg
Alessandra Xavier;Alessandra62@yahoo.com;25277-194;Albuquerque Marginal;524;Limeira;São Paulo;Beleza;https://cloudflare-ipfs.com/ipfs/Qmd3W5DuhgHirLHGVixi6V76LhCkZUz6pnFt5AJBiyvHye/avatar/355.jpg
Liz Souza;Liz.Souza@gmail.com;44801-867;Maria Helena Marginal;218;Rio de Janeiro;Rondônia;Saúde, Computadores & Saúde;https://cloudflare-ipfs.com/ipfs/Qmd3W5DuhgHirLHGVixi6V76LhCkZUz6pnFt5AJBiyvHye/avatar/953.jpg
Helena Melo;Helena19@live.com;60135-380;Fabrícia Marginal;694;Taboão da Serra;Sergipe;Brinquedos, Computadores & Ferramentas;https://cloudflare-ipfs.com/ipfs/Qmd3W5DuhgHirLHGVixi6V76LhCkZUz6pnFt5AJBiyvHye/avatar/610.jpg
Frederico Melo;Frederico_Melo37@bol.com.br;44015-160;Silva Rua;639;Betim;Rio de Janeiro;Computadores & Computadores;https://cloudflare-ipfs.com/ipfs/Qmd3W5DuhgHirLHGVixi6V76LhCkZUz6pnFt5AJBiyvHye/avatar/774.jpg
Gabriel Franco;Gabriel1@live.com;49892-711;Barros Avenida;432;Feira de Santana;Pernambuco;Automotivo;https://cloudflare-ipfs.com/ipfs/Qmd3W5DuhgHirLHGVixi6V76LhCkZUz6pnFt5AJBiyvHye/avatar/152.jpg
Roberto Braga;Roberto_Braga4@hotmail.com;54424-623;Isabelly Travessa;979;Limeira;Piauí;Eletrônicos & Mercearia;https://cloudflare-ipfs.com/ipfs/Qmd3W5DuhgHirLHGVixi6V76LhCkZUz6pnFt5AJBiyvHye/avatar/585.jpg
Paula Braga;Paula_Braga@yahoo.com;08317-401;Melo Marginal;28;Rio Branco;Pernambuco;Música & Casa;https://cloudflare-ipfs.com/ipfs/Qmd3W5DuhgHirLHGVixi6V76LhCkZUz6pnFt5AJBiyvHye/avatar/1000.jpg
Paula Silva;Paula5@yahoo.com;03878-177;Oliveira Travessa;971;Ponta Grossa;Maranhão;Música, Bebê & Esportes;https://cloudflare-ipfs.com/ipfs/Qmd3W5DuhgHirLHGVixi6V76LhCkZUz6pnFt5AJBiyvHye/avatar/539.jpg
Maria Eduarda Barros;MariaEduarda.Barros38@gmail.com;80297-104;Leonardo Alameda;906;Fortaleza;Tocantins;Roupas & Sapatos;https://cloudflare-ipfs.com/ipfs/Qmd3W5DuhgHirLHGVixi6V76LhCkZUz6pnFt5AJBiyvHye/avatar/1034.jpg
Núbia Santos;Nubia_Santos@hotmail.com;11402-798;Rebeca Avenida;814;Várzea Grande;Acre;Casa & Roupas;https://cloudflare-ipfs.com/ipfs/Qmd3W5DuhgHirLHGVixi6V76LhCkZUz6pnFt5AJBiyvHye/avatar/1214.jpg
Isis Martins;Isis_Martins41@hotmail.com;32063-368;Guilherme Avenida;880;Praia Grande;Paraná;Jardim, Jardim & Crianças;https://cloudflare-ipfs.com/ipfs/Qmd3W5DuhgHirLHGVixi6V76LhCkZUz6pnFt5AJBiyvHye/avatar/831.jpg
Melissa Souza;Melissa7@bol.com.br;53918-177;Paula Marginal;186;Olinda;Espírito Santo;Mercearia & Roupas;https://cloudflare-ipfs.com/ipfs/Qmd3W5DuhgHirLHGVixi6V76LhCkZUz6pnFt5AJBiyvHye/avatar/451.jpg
Gustavo Braga;Gustavo_Braga1@yahoo.com;14340-176;Carla Marginal;295;Pelotas;Mato Grosso;Automotivo, Sapatos & Automotivo;https://cloudflare-ipfs.com/ipfs/Qmd3W5DuhgHirLHGVixi6V76LhCkZUz6pnFt5AJBiyvHye/avatar/1104.jpg
Lorena Albuquerque;Lorena51@hotmail.com;75077-450;Bruna Marginal;767;Palmas;Bahia;Beleza;https://cloudflare-ipfs.com/ipfs/Qmd3W5DuhgHirLHGVixi6V76LhCkZUz6pnFt5AJBiyvHye/avatar/1165.jpg
Hélio Pereira;Helio.Pereira@gmail.com;04468-203;Natália Rua;469;Boa Vista;Piauí;Automotivo & Bebê;https://cloudflare-ipfs.com/ipfs/Qmd3W5DuhgHirLHGVixi6V76LhCkZUz6pnFt5AJBiyvHye/avatar/508.jpg
Matheus Moreira;Matheus52@bol.com.br;73743-267;Warley Alameda;644;Campos dos Goytacazes;Goiás;Livros & Jóias;https://cloudflare-ipfs.com/ipfs/Qmd3W5DuhgHirLHGVixi6V76LhCkZUz6pnFt5AJBiyvHye/avatar/1027.jpg
Yago Nogueira;Yago_Nogueira14@gmail.com;96633-792;Heloísa Rua;487;Mauá;Pernambuco;Roupas, Filmes & Roupas;https://cloudflare-ipfs.com/ipfs/Qmd3W5DuhgHirLHGVixi6V76LhCkZUz6pnFt5AJBiyvHye/avatar/417.jpg
Elisa Franco;Elisa81@hotmail.com;07587-565;Barros Rua;672;João Pessoa;Rio Grande do Sul;Computadores, Esportes & Roupas;https://cloudflare-ipfs.com/ipfs/Qmd3W5DuhgHirLHGVixi6V76LhCkZUz6pnFt5AJBiyvHye/avatar/831.jpg
Ígor Souza;Igor.Souza@bol.com.br;89430-570;Pietro Alameda;424;Rio Branco;Alagoas;Turismo & Jogos;https://cloudflare-ipfs.com/ipfs/Qmd3W5DuhgHirLHGVixi6V76LhCkZUz6pnFt5AJBiyvHye/avatar/1196.jpg
Théo Saraiva;Theo.Saraiva@live.com;03842-182;Carvalho Avenida;329;Mauá;Espírito Santo;Bebê;https://cloudflare-ipfs.com/ipfs/Qmd3W5DuhgHirLHGVixi6V76LhCkZUz6pnFt5AJBiyvHye/avatar/986.jpg
Maria Helena Santos;MariaHelena78@yahoo.com;65148-669;Meire Rua;489;Cascavel;Espírito Santo;Filmes, Brinquedos & Industrial;https://cloudflare-ipfs.com/ipfs/Qmd3W5DuhgHirLHGVixi6V76LhCkZUz6pnFt5AJBiyvHye/avatar/130.jpg
Isaac Batista;Isaac_Batista16@hotmail.com;92049-938;Reis Marginal;250;Carapicuíba;Amapá;Roupas & Ferramentas;https://cloudflare-ipfs.com/ipfs/Qmd3W5DuhgHirLHGVixi6V76LhCkZUz6pnFt5AJBiyvHye/avatar/1141.jpg
Talita Costa;Talita.Costa@bol.com.br;84839-235;Oliveira Rua;21;Juiz de Fora;Rio Grande do Norte;Esportes;https://cloudflare-ipfs.com/ipfs/Qmd3W5DuhgHirLHGVixi6V76LhCkZUz6pnFt5AJBiyvHye/avatar/170.jpg
Esther Pereira;Esther25@live.com;28776-338;Moreira Rua;665;Rio de Janeiro;Bahia;Jogos;https://cloudflare-ipfs.com/ipfs/Qmd3W5DuhgHirLHGVixi6V76LhCkZUz6pnFt5AJBiyvHye/avatar/976.jpg
Gabriel Santos;Gabriel55@hotmail.com;88302-260;Daniel Marginal;473;Mogi das Cruzes;Espírito Santo;Casa;https://cloudflare-ipfs.com/ipfs/Qmd3W5DuhgHirLHGVixi6V76LhCkZUz6pnFt5AJBiyvHye/avatar/347.jpg
Nicolas Macedo;Nicolas.Macedo30@hotmail.com;45783-186;Braga Travessa;33;Joinville;São Paulo;Roupas;https://cloudflare-ipfs.com/ipfs/Qmd3W5DuhgHirLHGVixi6V76LhCkZUz6pnFt5AJBiyvHye/avatar/994.jpg
Alícia Martins;Alicia_Martins@yahoo.com;53891-489;Moreira Avenida;950;Teresina;Paraná;Saúde, Ferramentas & Sapatos;https://cloudflare-ipfs.com/ipfs/Qmd3W5DuhgHirLHGVixi6V76LhCkZUz6pnFt5AJBiyvHye/avatar/841.jpg
Antonella Franco;Antonella_Franco40@gmail.com;59907-206;Aline Marginal;361;Palmas;Mato Grosso;Industrial, Filmes & Esportes;https://cloudflare-ipfs.com/ipfs/Qmd3W5DuhgHirLHGVixi6V76LhCkZUz6pnFt5AJBiyvHye/avatar/1036.jpg
Sara Pereira;Sara.Pereira@gmail.com;01545-296;Nicolas Alameda;947;São Gonçalo;Mato Grosso;Sapatos;https://cloudflare-ipfs.com/ipfs/Qmd3W5DuhgHirLHGVixi6V76LhCkZUz6pnFt5AJBiyvHye/avatar/997.jpg
Bryan Xavier;Bryan.Xavier68@hotmail.com;28687-956;Martins Avenida;261;Porto Alegre;Paraná;Saúde;https://cloudflare-ipfs.com/ipfs/Qmd3W5DuhgHirLHGVixi6V76LhCkZUz6pnFt5AJBiyvHye/avatar/27.jpg
Manuela Barros;Manuela.Barros@live.com;27204-100;Carvalho Alameda;406;Boa Vista;Maranhão;Esportes, Jogos & Música;https://cloudflare-ipfs.com/ipfs/Qmd3W5DuhgHirLHGVixi6V76LhCkZUz6pnFt5AJBiyvHye/avatar/1073.jpg
Vitória Pereira;Vitoria_Pereira@yahoo.com;23959-622;Carvalho Rua;398;Londrina;Paraná;Música, Industrial & Jogos;https://cloudflare-ipfs.com/ipfs/Qmd3W5DuhgHirLHGVixi6V76LhCkZUz6pnFt5AJBiyvHye/avatar/379.jpg
Maria Alice Macedo;MariaAlice77@hotmail.com;58792-162;Yango Alameda;466;Curitiba;Pará;Saúde, Filmes & Jogos;https://cloudflare-ipfs.com/ipfs/Qmd3W5DuhgHirLHGVixi6V76LhCkZUz6pnFt5AJBiyvHye/avatar/398.jpg
Antônio Albuquerque;Antonio_Albuquerque@bol.com.br;11460-946;Júlio César Avenida;874;Macapá;Santa Catarina;Roupas, Mercearia & Beleza;https://cloudflare-ipfs.com/ipfs/Qmd3W5DuhgHirLHGVixi6V76LhCkZUz6pnFt5AJBiyvHye/avatar/676.jpg
Carlos Barros;Carlos_Barros@yahoo.com;59267-956;Pereira Travessa;116;Maceió;Ceará;Esportes;https://cloudflare-ipfs.com/ipfs/Qmd3W5DuhgHirLHGVixi6V76LhCkZUz6pnFt5AJBiyvHye/avatar/930.jpg
Esther Moraes;Esther34@yahoo.com;15139-547;Carvalho Alameda;600;Ananindeua;Tocantins;Sapatos;https://cloudflare-ipfs.com/ipfs/Qmd3W5DuhgHirLHGVixi6V76LhCkZUz6pnFt5AJBiyvHye/avatar/84.jpg
Norberto Carvalho;Norberto.Carvalho@bol.com.br;77525-370;Elisa Avenida;978;Campina Grande;Mato Grosso do Sul;Eletrônicos & Casa;https://cloudflare-ipfs.com/ipfs/Qmd3W5DuhgHirLHGVixi6V76LhCkZUz6pnFt5AJBiyvHye/avatar/553.jpg
Dalila Pereira;Dalila_Pereira@yahoo.com;83864-749;Maria Eduarda Rodovia;940;Suzano;Mato Grosso do Sul;Esportes;https://cloudflare-ipfs.com/ipfs/Qmd3W5DuhgHirLHGVixi6V76LhCkZUz6pnFt5AJBiyvHye/avatar/790.jpg
Maria Cecília Oliveira;MariaCecilia81@yahoo.com;62018-420;Macedo Marginal;993;Paulista;Paraíba;Saúde & Roupas;https://cloudflare-ipfs.com/ipfs/Qmd3W5DuhgHirLHGVixi6V76LhCkZUz6pnFt5AJBiyvHye/avatar/67.jpg
Lorenzo Batista;Lorenzo87@live.com;77709-707;Antônio Rodovia;129;Taboão da Serra;Distrito Federal;Filmes & Computadores;https://cloudflare-ipfs.com/ipfs/Qmd3W5DuhgHirLHGVixi6V76LhCkZUz6pnFt5AJBiyvHye/avatar/544.jpg
Célia Moreira;Celia_Moreira@live.com;05405-024;Théo Rodovia;868;Vila Velha;Bahia;Ferramentas & Roupas;https://cloudflare-ipfs.com/ipfs/Qmd3W5DuhgHirLHGVixi6V76LhCkZUz6pnFt5AJBiyvHye/avatar/526.jpg
Maria Luiza Melo;MariaLuiza9@live.com;84942-895;Carvalho Alameda;697;Caruaru;São Paulo;Beleza, Beleza & Industrial;https://cloudflare-ipfs.com/ipfs/Qmd3W5DuhgHirLHGVixi6V76LhCkZUz6pnFt5AJBiyvHye/avatar/210.jpg
Fabrício Oliveira;Fabricio.Oliveira15@hotmail.com;64150-518;Saraiva Avenida;477;Palmas;Amapá;Roupas, Sapatos & Livros;https://cloudflare-ipfs.com/ipfs/Qmd3W5DuhgHirLHGVixi6V76LhCkZUz6pnFt5AJBiyvHye/avatar/998.jpg
Elísio Moreira;Elisio_Moreira6@yahoo.com;47166-436;Hugo Avenida;584;Ribeirão das Neves;Paraná;Casa & Jóias;https://cloudflare-ipfs.com/ipfs/Qmd3W5DuhgHirLHGVixi6V76LhCkZUz6pnFt5AJBiyvHye/avatar/485.jpg
Anthony Oliveira;Anthony5@hotmail.com;34386-380;Norberto Marginal;625;Piracicaba;Paraíba;Automotivo, Jardim & Eletrônicos;https://cloudflare-ipfs.com/ipfs/Qmd3W5DuhgHirLHGVixi6V76LhCkZUz6pnFt5AJBiyvHye/avatar/686.jpg
Pietro Batista;Pietro.Batista82@yahoo.com;70663-418;Barros Rodovia;883;Uberaba;Amazonas;Brinquedos, Roupas & Ferramentas;https://cloudflare-ipfs.com/ipfs/Qmd3W5DuhgHirLHGVixi6V76LhCkZUz6pnFt5AJBiyvHye/avatar/657.jpg
Isabela Pereira;Isabela.Pereira@yahoo.com;70116-416;Bernardo Alameda;770;Belo Horizonte;Paraíba;Industrial & Bebê;https://cloudflare-ipfs.com/ipfs/Qmd3W5DuhgHirLHGVixi6V76LhCkZUz6pnFt5AJBiyvHye/avatar/1219.jpg
Murilo Braga;Murilo.Braga10@yahoo.com;29453-114;Carvalho Travessa;736;Gravataí;Sergipe;Esportes, Sapatos & Bebê;https://cloudflare-ipfs.com/ipfs/Qmd3W5DuhgHirLHGVixi6V76LhCkZUz6pnFt5AJBiyvHye/avatar/967.jpg
Fábio Braga;Fabio.Braga67@bol.com.br;08902-429;Nogueira Rua;706;São João de Meriti;Acre;Eletrônicos;https://cloudflare-ipfs.com/ipfs/Qmd3W5DuhgHirLHGVixi6V76LhCkZUz6pnFt5AJBiyvHye/avatar/282.jpg
Luiza Melo;Luiza.Melo80@live.com;22401-855;Albuquerque Rua;564;Mauá;Paraíba;Sapatos & Industrial;https://cloudflare-ipfs.com/ipfs/Qmd3W5DuhgHirLHGVixi6V76LhCkZUz6pnFt5AJBiyvHye/avatar/1000.jpg
Isabelly Carvalho;Isabelly_Carvalho54@bol.com.br;76378-439;Braga Marginal;276;São José dos Campos;Roraima;Beleza;https://cloudflare-ipfs.com/ipfs/Qmd3W5DuhgHirLHGVixi6V76LhCkZUz6pnFt5AJBiyvHye/avatar/973.jpg
Alessandra Moreira;Alessandra_Moreira@hotmail.com;18558-175;Batista Avenida;109;São José dos Campos;Rondônia;Mercearia & Saúde;https://cloudflare-ipfs.com/ipfs/Qmd3W5DuhgHirLHGVixi6V76LhCkZUz6pnFt5AJBiyvHye/avatar/929.jpg
Isabel Franco;Isabel.Franco@hotmail.com;55740-634;Clara Marginal;130;Macapá;Bahia;Jardim & Brinquedos;https://cloudflare-ipfs.com/ipfs/Qmd3W5DuhgHirLHGVixi6V76LhCkZUz6pnFt5AJBiyvHye/avatar/203.jpg
Heloísa Reis;Heloisa_Reis@yahoo.com;00751-505;Alice Rua;581;Guarulhos;Sergipe;Mercearia;https://cloudflare-ipfs.com/ipfs/Qmd3W5DuhgHirLHGVixi6V76LhCkZUz6pnFt5AJBiyvHye/avatar/818.jpg
Enzo Braga;Enzo.Braga@gmail.com;94659-229;Carvalho Avenida;480;São José dos Campos;Pernambuco;Turismo & Mercearia;https://cloudflare-ipfs.com/ipfs/Qmd3W5DuhgHirLHGVixi6V76LhCkZUz6pnFt5AJBiyvHye/avatar/427.jpg
Sara Santos;Sara16@yahoo.com;54575-160;Alessandro Rodovia;284;Belém;Mato Grosso;Jogos;https://cloudflare-ipfs.com/ipfs/Qmd3W5DuhgHirLHGVixi6V76LhCkZUz6pnFt5AJBiyvHye/avatar/248.jpg
Norberto Costa;Norberto_Costa@live.com;65472-652;Barros Rua;206;Florianópolis;Acre;Sapatos, Brinquedos & Música;https://cloudflare-ipfs.com/ipfs/Qmd3W5DuhgHirLHGVixi6V76LhCkZUz6pnFt5AJBiyvHye/avatar/425.jpg
Meire Nogueira;Meire.Nogueira@gmail.com;04837-073;Oliveira Rua;38;Maceió;Sergipe;Casa & Jogos;https://cloudflare-ipfs.com/ipfs/Qmd3W5DuhgHirLHGVixi6V76LhCkZUz6pnFt5AJBiyvHye/avatar/400.jpg
Alexandre Macedo;Alexandre46@gmail.com;63183-339;Franco Travessa;175;Recife;Rio de Janeiro;Livros;https://cloudflare-ipfs.com/ipfs/Qmd3W5DuhgHirLHGVixi6V76LhCkZUz6pnFt5AJBiyvHye/avatar/856.jpg
Rebeca Carvalho;Rebeca.Carvalho25@hotmail.com;18092-752;Macedo Rua;409;Florianópolis;Ceará;Jardim, Livros & Saúde;https://cloudflare-ipfs.com/ipfs/Qmd3W5DuhgHirLHGVixi6V76LhCkZUz6pnFt5AJBiyvHye/avatar/167.jpg
Sara Franco;Sara_Franco90@gmail.com;51439-731;Joana Travessa;38;Caucaia;São Paulo;Casa & Filmes;https://cloudflare-ipfs.com/ipfs/Qmd3W5DuhgHirLHGVixi6V76LhCkZUz6pnFt5AJBiyvHye/avatar/680.jpg
Júlio Moreira;Julio20@bol.com.br;30229-188;Barros Alameda;666;Betim;Roraima;Jóias & Esportes;https://cloudflare-ipfs.com/ipfs/Qmd3W5DuhgHirLHGVixi6V76LhCkZUz6pnFt5AJBiyvHye/avatar/876.jpg
Rafael Souza;Rafael_Souza21@yahoo.com;90882-176;Santos Marginal;33;Petrópolis;Rio Grande do Norte;Eletrônicos, Filmes & Saúde;https://cloudflare-ipfs.com/ipfs/Qmd3W5DuhgHirLHGVixi6V76LhCkZUz6pnFt5AJBiyvHye/avatar/565.jpg
Talita Carvalho;Talita.Carvalho@hotmail.com;77091-661;Santos Travessa;654;Teresina;Goiás;Saúde, Eletrônicos & Ferramentas;https://cloudflare-ipfs.com/ipfs/Qmd3W5DuhgHirLHGVixi6V76LhCkZUz6pnFt5AJBiyvHye/avatar/1136.jpg
Lorenzo Barros;Lorenzo.Barros69@yahoo.com;61082-308;Elísio Rua;417;Bauru;Ceará;Filmes, Mercearia & Industrial;https://cloudflare-ipfs.com/ipfs/Qmd3W5DuhgHirLHGVixi6V76LhCkZUz6pnFt5AJBiyvHye/avatar/569.jpg
Isabella Pereira;Isabella49@bol.com.br;83966-230;Costa Travessa;492;Taboão da Serra;São Paulo;Saúde;https://cloudflare-ipfs.com/ipfs/Qmd3W5DuhgHirLHGVixi6V76LhCkZUz6pnFt5AJBiyvHye/avatar/964.jpg
Ricardo Braga;Ricardo_Braga62@hotmail.com;65399-810;João Pedro Avenida;720;Praia Grande;Maranhão;Beleza, Beleza & Roupas;https://cloudflare-ipfs.com/ipfs/Qmd3W5DuhgHirLHGVixi6V76LhCkZUz6pnFt5AJBiyvHye/avatar/893.jpg
Daniel Reis;Daniel5@live.com;48273-082;Sarah Alameda;421;Palmas;São Paulo;Jóias & Saúde;https://cloudflare-ipfs.com/ipfs/Qmd3W5DuhgHirLHGVixi6V76LhCkZUz6pnFt5AJBiyvHye/avatar/163.jpg
Mariana Reis;Mariana.Reis@bol.com.br;02913-160;Braga Marginal;660;Aparecida de Goiânia;Paraná;Saúde;https://cloudflare-ipfs.com/ipfs/Qmd3W5DuhgHirLHGVixi6V76LhCkZUz6pnFt5AJBiyvHye/avatar/1217.jpg
Fábio Braga;Fabio.Braga@yahoo.com;13344-940;Célia Rodovia;868;Palmas;Rondônia;Beleza, Beleza & Música;https://cloudflare-ipfs.com/ipfs/Qmd3W5DuhgHirLHGVixi6V76LhCkZUz6pnFt5AJBiyvHye/avatar/894.jpg
Fabrícia Pereira;Fabricia.Pereira45@live.com;61193-160;Oliveira Marginal;665;Belém;Distrito Federal;Jogos, Crianças & Jóias;https://cloudflare-ipfs.com/ipfs/Qmd3W5DuhgHirLHGVixi6V76LhCkZUz6pnFt5AJBiyvHye/avatar/640.jpg
Norberto Reis;Norberto99@yahoo.com;76740-691;Marli Avenida;547;Osasco;Sergipe;Casa & Roupas;https://cloudflare-ipfs.com/ipfs/Qmd3W5DuhgHirLHGVixi6V76LhCkZUz6pnFt5AJBiyvHye/avatar/1094.jpg
Karla Franco;Karla.Franco7@yahoo.com;06346-177;Santos Alameda;678;Mogi das Cruzes;Rio Grande do Norte;Brinquedos;https://cloudflare-ipfs.com/ipfs/Qmd3W5DuhgHirLHGVixi6V76LhCkZUz6pnFt5AJBiyvHye/avatar/724.jpg
Clara Moraes;Clara.Moraes@gmail.com;06059-243;Pereira Avenida;305;Campos dos Goytacazes;Sergipe;Música & Brinquedos;https://cloudflare-ipfs.com/ipfs/Qmd3W5DuhgHirLHGVixi6V76LhCkZUz6pnFt5AJBiyvHye/avatar/671.jpg
Davi Lucca Melo;DaviLucca48@hotmail.com;98779-016;Elisa Travessa;461;Santarém;Goiás;Jóias, Crianças & Jóias;https://cloudflare-ipfs.com/ipfs/Qmd3W5DuhgHirLHGVixi6V76LhCkZUz6pnFt5AJBiyvHye/avatar/224.jpg
Antonella Xavier;Antonella.Xavier53@hotmail.com;80287-633;Saraiva Rua;791;São João de Meriti;São Paulo;Filmes, Esportes & Filmes;https://cloudflare-ipfs.com/ipfs/Qmd3W5DuhgHirLHGVixi6V76LhCkZUz6pnFt5AJBiyvHye/avatar/205.jpg
Gabriel Saraiva;Gabriel_Saraiva@gmail.com;62309-060;Sirineu Alameda;772;Praia Grande;Acre;Turismo;https://cloudflare-ipfs.com/ipfs/Qmd3W5DuhgHirLHGVixi6V76LhCkZUz6pnFt5AJBiyvHye/avatar/759.jpg
Silas Batista;Silas41@live.com;08342-062;Oliveira Avenida;437;Cariacica;Minas Gerais;Crianças;https://cloudflare-ipfs.com/ipfs/Qmd3W5DuhgHirLHGVixi6V76LhCkZUz6pnFt5AJBiyvHye/avatar/834.jpg
Sophia Xavier;Sophia40@yahoo.com;93309-674;Maria Cecília Travessa;50;Aparecida de Goiânia;Pará;Turismo, Música & Mercearia;https://cloudflare-ipfs.com/ipfs/Qmd3W5DuhgHirLHGVixi6V76LhCkZUz6pnFt5AJBiyvHye/avatar/79.jpg
João Melo;Joao.Melo@hotmail.com;68359-049;Natália Avenida;590;Jundiaí;Sergipe;Jóias & Saúde;https://cloudflare-ipfs.com/ipfs/Qmd3W5DuhgHirLHGVixi6V76LhCkZUz6pnFt5AJBiyvHye/avatar/1021.jpg
Marcos Albuquerque;Marcos27@gmail.com;23344-323;Théo Alameda;262;Blumenau;Roraima;Computadores;https://cloudflare-ipfs.com/ipfs/Qmd3W5DuhgHirLHGVixi6V76LhCkZUz6pnFt5AJBiyvHye/avatar/803.jpg
Matheus Pereira;Matheus.Pereira96@yahoo.com;86776-092;Pedro Henrique Marginal;223;Natal;Maranhão;Roupas & Jogos;https://cloudflare-ipfs.com/ipfs/Qmd3W5DuhgHirLHGVixi6V76LhCkZUz6pnFt5AJBiyvHye/avatar/19.jpg
Carlos Xavier;Carlos.Xavier65@gmail.com;55575-501;Martins Alameda;655;Olinda;São Paulo;Jóias & Jóias;https://cloudflare-ipfs.com/ipfs/Qmd3W5DuhgHirLHGVixi6V76LhCkZUz6pnFt5AJBiyvHye/avatar/503.jpg
Fabiano Braga;Fabiano_Braga22@yahoo.com;41961-882;Maria Rua;392;Carapicuíba;Ceará;Turismo;https://cloudflare-ipfs.com/ipfs/Qmd3W5DuhgHirLHGVixi6V76LhCkZUz6pnFt5AJBiyvHye/avatar/115.jpg
Félix Pereira;Felix.Pereira89@live.com;01967-285;Yasmin Rua;985;Caxias do Sul;Mato Grosso;Mercearia & Roupas;https://cloudflare-ipfs.com/ipfs/Qmd3W5DuhgHirLHGVixi6V76LhCkZUz6pnFt5AJBiyvHye/avatar/226.jpg
Eduarda Barros;Eduarda.Barros@live.com;07166-466;Henrique Alameda;307;Florianópolis;Sergipe;Jogos & Filmes;https://cloudflare-ipfs.com/ipfs/Qmd3W5DuhgHirLHGVixi6V76LhCkZUz6pnFt5AJBiyvHye/avatar/907.jpg
Danilo Macedo;Danilo.Macedo@hotmail.com;49691-110;Mércia Marginal;277;Anápolis;Tocantins;Automotivo, Jardim & Roupas;https://cloudflare-ipfs.com/ipfs/Qmd3W5DuhgHirLHGVixi6V76LhCkZUz6pnFt5AJBiyvHye/avatar/712.jpg
Daniel Batista;Daniel.Batista18@bol.com.br;54755-017;Costa Rua;885;Santa Maria;Rio Grande do Sul;Industrial;https://cloudflare-ipfs.com/ipfs/Qmd3W5DuhgHirLHGVixi6V76LhCkZUz6pnFt5AJBiyvHye/avatar/148.jpg
Cauã Albuquerque;Caua16@yahoo.com;22554-671;Barros Travessa;403;Palmas;Paraná;Filmes;https://cloudflare-ipfs.com/ipfs/Qmd3W5DuhgHirLHGVixi6V76LhCkZUz6pnFt5AJBiyvHye/avatar/1096.jpg
Enzo Gabriel Melo;EnzoGabriel.Melo@bol.com.br;92784-022;Enzo Gabriel Travessa;832;São Gonçalo;Rio Grande do Sul;Beleza & Jogos;https://cloudflare-ipfs.com/ipfs/Qmd3W5DuhgHirLHGVixi6V76LhCkZUz6pnFt5AJBiyvHye/avatar/871.jpg
Antonella Pereira;Antonella.Pereira33@live.com;45678-174;Pedro Henrique Travessa;404;Petrolina;São Paulo;Turismo & Bebê;https://cloudflare-ipfs.com/ipfs/Qmd3W5DuhgHirLHGVixi6V76LhCkZUz6pnFt5AJBiyvHye/avatar/1146.jpg
Marina Nogueira;Marina.Nogueira43@yahoo.com;13282-997;Maria Cecília Avenida;949;Vila Velha;Acre;Jogos;https://cloudflare-ipfs.com/ipfs/Qmd3W5DuhgHirLHGVixi6V76LhCkZUz6pnFt5AJBiyvHye/avatar/1175.jpg
Bruna Silva;Bruna_Silva25@gmail.com;64093-604;Franco Alameda;774;Cuiabá;Tocantins;Beleza & Brinquedos;https://cloudflare-ipfs.com/ipfs/Qmd3W5DuhgHirLHGVixi6V76LhCkZUz6pnFt5AJBiyvHye/avatar/739.jpg
Gabriel Silva;Gabriel.Silva@hotmail.com;90151-882;Moraes Alameda;594;Anápolis;Piauí;Mercearia & Roupas;https://cloudflare-ipfs.com/ipfs/Qmd3W5DuhgHirLHGVixi6V76LhCkZUz6pnFt5AJBiyvHye/avatar/77.jpg
Isabella Oliveira;Isabella55@bol.com.br;03805-857;Talita Rodovia;100;Juiz de Fora;Minas Gerais;Bebê;https://cloudflare-ipfs.com/ipfs/Qmd3W5DuhgHirLHGVixi6V76LhCkZUz6pnFt5AJBiyvHye/avatar/457.jpg
Benjamin Souza;Benjamin_Souza@bol.com.br;98204-302;Morgana Rua;211;Aparecida de Goiânia;Minas Gerais;Crianças & Saúde;https://cloudflare-ipfs.com/ipfs/Qmd3W5DuhgHirLHGVixi6V76LhCkZUz6pnFt5AJBiyvHye/avatar/917.jpg
Lorena Franco;Lorena_Franco@yahoo.com;27552-136;Ana Laura Rodovia;674;Nova Iguaçu;Tocantins;Esportes;https://cloudflare-ipfs.com/ipfs/Qmd3W5DuhgHirLHGVixi6V76LhCkZUz6pnFt5AJBiyvHye/avatar/22.jpg
Maria Clara Franco;MariaClara89@yahoo.com;03715-482;Davi Lucca Travessa;823;Cascavel;Rio de Janeiro;Livros & Turismo;https://cloudflare-ipfs.com/ipfs/Qmd3W5DuhgHirLHGVixi6V76LhCkZUz6pnFt5AJBiyvHye/avatar/574.jpg
Maria Alice Reis;MariaAlice77@bol.com.br;59102-956;Suélen Rua;177;Feira de Santana;Minas Gerais;Filmes & Filmes;https://cloudflare-ipfs.com/ipfs/Qmd3W5DuhgHirLHGVixi6V76LhCkZUz6pnFt5AJBiyvHye/avatar/478.jpg
Davi Albuquerque;Davi.Albuquerque89@yahoo.com;44007-264;Xavier Marginal;143;Maceió;Goiás;Sapatos, Esportes & Eletrônicos;https://cloudflare-ipfs.com/ipfs/Qmd3W5DuhgHirLHGVixi6V76LhCkZUz6pnFt5AJBiyvHye/avatar/941.jpg
Laura Carvalho;Laura4@bol.com.br;50962-995;Hélio Travessa;173;Campinas;Sergipe;Mercearia;https://cloudflare-ipfs.com/ipfs/Qmd3W5DuhgHirLHGVixi6V76LhCkZUz6pnFt5AJBiyvHye/avatar/1089.jpg
Maria Júlia Carvalho;MariaJulia.Carvalho@hotmail.com;16655-199;Albuquerque Marginal;359;Campos dos Goytacazes;Amapá;Brinquedos;https://cloudflare-ipfs.com/ipfs/Qmd3W5DuhgHirLHGVixi6V76LhCkZUz6pnFt5AJBiyvHye/avatar/571.jpg
Ana Laura Xavier;AnaLaura51@hotmail.com;41006-932;Morgana Travessa;86;Sorocaba;Paraíba;Música & Casa;https://cloudflare-ipfs.com/ipfs/Qmd3W5DuhgHirLHGVixi6V76LhCkZUz6pnFt5AJBiyvHye/avatar/382.jpg
Lavínia Saraiva;Lavinia_Saraiva@yahoo.com;76230-786;Braga Marginal;837;Carapicuíba;Bahia;Industrial, Industrial & Jóias;https://cloudflare-ipfs.com/ipfs/Qmd3W5DuhgHirLHGVixi6V76LhCkZUz6pnFt5AJBiyvHye/avatar/687.jpg
Melissa Reis;Melissa17@bol.com.br;72873-121;Carla Rodovia;898;Juiz de Fora;Santa Catarina;Livros, Computadores & Livros;https://cloudflare-ipfs.com/ipfs/Qmd3W5DuhgHirLHGVixi6V76LhCkZUz6pnFt5AJBiyvHye/avatar/142.jpg
Lara Barros;Lara.Barros@gmail.com;86939-775;Reis Avenida;728;Uberaba;Acre;Industrial & Livros;https://cloudflare-ipfs.com/ipfs/Qmd3W5DuhgHirLHGVixi6V76LhCkZUz6pnFt5AJBiyvHye/avatar/1226.jpg
Eloá Silva;Eloa30@bol.com.br;40640-075;Isaac Marginal;430;Mogi das Cruzes;Rio de Janeiro;Jóias & Beleza;https://cloudflare-ipfs.com/ipfs/Qmd3W5DuhgHirLHGVixi6V76LhCkZUz6pnFt5AJBiyvHye/avatar/242.jpg
Alexandre Melo;Alexandre_Melo51@live.com;08918-277;Liz Marginal;825;Jaboatão dos Guararapes;Mato Grosso;Eletrônicos, Livros & Crianças;https://cloudflare-ipfs.com/ipfs/Qmd3W5DuhgHirLHGVixi6V76LhCkZUz6pnFt5AJBiyvHye/avatar/542.jpg
Dalila Albuquerque;Dalila84@hotmail.com;52207-881;Carvalho Avenida;130;Recife;Rio Grande do Sul;Sapatos, Jardim & Brinquedos;https://cloudflare-ipfs.com/ipfs/Qmd3W5DuhgHirLHGVixi6V76LhCkZUz6pnFt5AJBiyvHye/avatar/1197.jpg
Isabelly Nogueira;Isabelly59@bol.com.br;55182-639;Ladislau Avenida;688;Jundiaí;Alagoas;Jóias, Computadores & Casa;https://cloudflare-ipfs.com/ipfs/Qmd3W5DuhgHirLHGVixi6V76LhCkZUz6pnFt5AJBiyvHye/avatar/176.jpg
Maitê Martins;Maite_Martins@yahoo.com;40623-923;Pereira Alameda;511;Niterói;Tocantins;Turismo, Filmes & Livros;https://cloudflare-ipfs.com/ipfs/Qmd3W5DuhgHirLHGVixi6V76LhCkZUz6pnFt5AJBiyvHye/avatar/1224.jpg
Lavínia Saraiva;Lavinia3@gmail.com;98102-360;Franco Avenida;769;Cariacica;Acre;Filmes;https://cloudflare-ipfs.com/ipfs/Qmd3W5DuhgHirLHGVixi6V76LhCkZUz6pnFt5AJBiyvHye/avatar/572.jpg
Natália Oliveira;Natalia5@yahoo.com;20276-430;Enzo Gabriel Marginal;988;Betim;Mato Grosso;Livros, Jóias & Ferramentas;https://cloudflare-ipfs.com/ipfs/Qmd3W5DuhgHirLHGVixi6V76LhCkZUz6pnFt5AJBiyvHye/avatar/73.jpg
Fabrícia Macedo;Fabricia39@yahoo.com;77081-673;Reis Rodovia;585;São José dos Pinhais;Paraíba;Livros, Jogos & Jardim;https://cloudflare-ipfs.com/ipfs/Qmd3W5DuhgHirLHGVixi6V76LhCkZUz6pnFt5AJBiyvHye/avatar/546.jpg
Larissa Moreira;Larissa.Moreira62@yahoo.com;30813-692;Lara Marginal;156;Canoas;Pará;Esportes & Casa;https://cloudflare-ipfs.com/ipfs/Qmd3W5DuhgHirLHGVixi6V76LhCkZUz6pnFt5AJBiyvHye/avatar/506.jpg
Maria Helena Silva;MariaHelena.Silva65@bol.com.br;49455-107;Ana Clara Rua;814;Guarulhos;Ceará;Bebê & Jóias;https://cloudflare-ipfs.com/ipfs/Qmd3W5DuhgHirLHGVixi6V76LhCkZUz6pnFt5AJBiyvHye/avatar/163.jpg
Eduarda Santos;Eduarda.Santos@live.com;17207-561;Saraiva Travessa;21;Mogi das Cruzes;Mato Grosso;Automotivo, Jóias & Sapatos;https://cloudflare-ipfs.com/ipfs/Qmd3W5DuhgHirLHGVixi6V76LhCkZUz6pnFt5AJBiyvHye/avatar/719.jpg
Marli Macedo;Marli.Macedo@gmail.com;18276-515;Oliveira Alameda;640;Carapicuíba;Piauí;Bebê & Jardim;https://cloudflare-ipfs.com/ipfs/Qmd3W5DuhgHirLHGVixi6V76LhCkZUz6pnFt5AJBiyvHye/avatar/1002.jpg
Maria Cecília Saraiva;MariaCecilia_Saraiva0@bol.com.br;94751-715;Giovanna Rua;669;São Vicente;Rio de Janeiro;Beleza;https://cloudflare-ipfs.com/ipfs/Qmd3W5DuhgHirLHGVixi6V76LhCkZUz6pnFt5AJBiyvHye/avatar/1116.jpg
Emanuelly Albuquerque;Emanuelly84@gmail.com;47453-457;Fábio Avenida;119;Suzano;Goiás;Casa, Beleza & Ferramentas;https://cloudflare-ipfs.com/ipfs/Qmd3W5DuhgHirLHGVixi6V76LhCkZUz6pnFt5AJBiyvHye/avatar/1008.jpg
Rafaela Pereira;Rafaela.Pereira@live.com;08709-868;Eduarda Travessa;224;Recife;Minas Gerais;Música, Bebê & Roupas;https://cloudflare-ipfs.com/ipfs/Qmd3W5DuhgHirLHGVixi6V76LhCkZUz6pnFt5AJBiyvHye/avatar/645.jpg
Arthur Albuquerque;Arthur.Albuquerque95@live.com;13376-828;Murilo Alameda;834;Sumaré;Espírito Santo;Sapatos, Mercearia & Industrial;https://cloudflare-ipfs.com/ipfs/Qmd3W5DuhgHirLHGVixi6V76LhCkZUz6pnFt5AJBiyvHye/avatar/506.jpg
Felipe Moraes;Felipe25@gmail.com;29983-153;Saraiva Travessa;27;Guarulhos;Maranhão;Roupas;https://cloudflare-ipfs.com/ipfs/Qmd3W5DuhgHirLHGVixi6V76LhCkZUz6pnFt5AJBiyvHye/avatar/1154.jpg
Gael Nogueira;Gael.Nogueira@live.com;29905-675;Benjamin Avenida;827;Olinda;Amapá;Roupas, Esportes & Beleza;https://cloudflare-ipfs.com/ipfs/Qmd3W5DuhgHirLHGVixi6V76LhCkZUz6pnFt5AJBiyvHye/avatar/261.jpg
Kléber Santos;Kleber67@hotmail.com;80033-040;Mariana Rua;474;Vila Velha;Bahia;Eletrônicos & Mercearia;https://cloudflare-ipfs.com/ipfs/Qmd3W5DuhgHirLHGVixi6V76LhCkZUz6pnFt5AJBiyvHye/avatar/642.jpg
Marina Saraiva;Marina11@live.com;98777-499;Franco Avenida;715;Niterói;Piauí;Música & Jóias;https://cloudflare-ipfs.com/ipfs/Qmd3W5DuhgHirLHGVixi6V76LhCkZUz6pnFt5AJBiyvHye/avatar/601.jpg
Alessandro Souza;Alessandro_Souza@gmail.com;37611-833;Xavier Marginal;773;Santarém;Piauí;Turismo;https://cloudflare-ipfs.com/ipfs/Qmd3W5DuhgHirLHGVixi6V76LhCkZUz6pnFt5AJBiyvHye/avatar/1126.jpg
Giovanna Moraes;Giovanna.Moraes@yahoo.com;62786-023;Souza Travessa;94;Ponta Grossa;Amazonas;Esportes, Esportes & Beleza;https://cloudflare-ipfs.com/ipfs/Qmd3W5DuhgHirLHGVixi6V76LhCkZUz6pnFt5AJBiyvHye/avatar/739.jpg
Isabela Pereira;Isabela.Pereira64@bol.com.br;25909-629;Heitor Alameda;214;Diadema;Minas Gerais;Sapatos & Ferramentas;https://cloudflare-ipfs.com/ipfs/Qmd3W5DuhgHirLHGVixi6V76LhCkZUz6pnFt5AJBiyvHye/avatar/969.jpg
Maria Cecília Xavier;MariaCecilia_Xavier3@bol.com.br;19440-467;Alícia Rua;259;Suzano;Minas Gerais;Música & Brinquedos;https://cloudflare-ipfs.com/ipfs/Qmd3W5DuhgHirLHGVixi6V76LhCkZUz6pnFt5AJBiyvHye/avatar/1122.jpg
Sílvia Martins;Silvia0@yahoo.com;92089-018;Aline Rodovia;127;Cascavel;Pernambuco;Jardim, Casa & Música;https://cloudflare-ipfs.com/ipfs/Qmd3W5DuhgHirLHGVixi6V76LhCkZUz6pnFt5AJBiyvHye/avatar/1.jpg
Félix Silva;Felix80@gmail.com;88534-493;Fabrício Travessa;949;Juiz de Fora;Paraná;Automotivo & Saúde;https://cloudflare-ipfs.com/ipfs/Qmd3W5DuhgHirLHGVixi6V76LhCkZUz6pnFt5AJBiyvHye/avatar/753.jpg
Melissa Carvalho;Melissa47@hotmail.com;84398-738;Pereira Travessa;269;São Gonçalo;Amapá;Esportes, Esportes & Música;https://cloudflare-ipfs.com/ipfs/Qmd3W5DuhgHirLHGVixi6V76LhCkZUz6pnFt5AJBiyvHye/avatar/1228.jpg
Beatriz Martins;Beatriz_Martins91@gmail.com;25802-680;Alessandra Avenida;906;Londrina;São Paulo;Jogos, Sapatos & Roupas;https://cloudflare-ipfs.com/ipfs/Qmd3W5DuhgHirLHGVixi6V76LhCkZUz6pnFt5AJBiyvHye/avatar/1236.jpg
Théo Carvalho;Theo.Carvalho@bol.com.br;28782-637;Isabela Alameda;427;Maringá;Santa Catarina;Saúde;https://cloudflare-ipfs.com/ipfs/Qmd3W5DuhgHirLHGVixi6V76LhCkZUz6pnFt5AJBiyvHye/avatar/815.jpg
Rafaela Albuquerque;Rafaela_Albuquerque42@gmail.com;62820-487;Saraiva Marginal;902;São Vicente;Santa Catarina;Filmes;https://cloudflare-ipfs.com/ipfs/Qmd3W5DuhgHirLHGVixi6V76LhCkZUz6pnFt5AJBiyvHye/avatar/668.jpg
Benjamin Oliveira;Benjamin.Oliveira25@gmail.com;55976-766;Melissa Avenida;147;Duque de Caxias;Espírito Santo;Industrial;https://cloudflare-ipfs.com/ipfs/Qmd3W5DuhgHirLHGVixi6V76LhCkZUz6pnFt5AJBiyvHye/avatar/366.jpg
Marina Silva;Marina.Silva@gmail.com;25293-300;Oliveira Travessa;817;Praia Grande;Alagoas;Beleza & Bebê;https://cloudflare-ipfs.com/ipfs/Qmd3W5DuhgHirLHGVixi6V76LhCkZUz6pnFt5AJBiyvHye/avatar/571.jpg
Gabriel Martins;Gabriel1@gmail.com;32791-734;Lívia Rua;494;Maringá;Pernambuco;Jóias;https://cloudflare-ipfs.com/ipfs/Qmd3W5DuhgHirLHGVixi6V76LhCkZUz6pnFt5AJBiyvHye/avatar/755.jpg
Yuri Melo;Yuri19@bol.com.br;52341-574;Laura Travessa;266;Caxias do Sul;Paraíba;Sapatos & Crianças;https://cloudflare-ipfs.com/ipfs/Qmd3W5DuhgHirLHGVixi6V76LhCkZUz6pnFt5AJBiyvHye/avatar/853.jpg
Emanuelly Pereira;Emanuelly_Pereira@gmail.com;28344-828;Enzo Gabriel Marginal;877;Macapá;Bahia;Saúde & Crianças;https://cloudflare-ipfs.com/ipfs/Qmd3W5DuhgHirLHGVixi6V76LhCkZUz6pnFt5AJBiyvHye/avatar/1016.jpg
Heloísa Franco;Heloisa.Franco96@yahoo.com;24357-495;Roberta Rodovia;452;Petrolina;Mato Grosso;Jóias & Eletrônicos;https://cloudflare-ipfs.com/ipfs/Qmd3W5DuhgHirLHGVixi6V76LhCkZUz6pnFt5AJBiyvHye/avatar/588.jpg
Sirineu Oliveira;Sirineu84@bol.com.br;17683-268;Maria Júlia Marginal;765;Gravataí;Piauí;Esportes & Mercearia;https://cloudflare-ipfs.com/ipfs/Qmd3W5DuhgHirLHGVixi6V76LhCkZUz6pnFt5AJBiyvHye/avatar/1200.jpg
Gustavo Albuquerque;Gustavo15@bol.com.br;98202-206;Reis Travessa;714;Macapá;Mato Grosso;Automotivo;https://cloudflare-ipfs.com/ipfs/Qmd3W5DuhgHirLHGVixi6V76LhCkZUz6pnFt5AJBiyvHye/avatar/991.jpg
Aline Martins;Aline.Martins@live.com;29326-697;Yuri Rodovia;330;Vitória;Mato Grosso;Ferramentas, Roupas & Bebê;https://cloudflare-ipfs.com/ipfs/Qmd3W5DuhgHirLHGVixi6V76LhCkZUz6pnFt5AJBiyvHye/avatar/554.jpg
Lorena Braga;Lorena_Braga71@gmail.com;53552-245;Samuel Rodovia;635;Guarujá;Roraima;Esportes, Esportes & Filmes;https://cloudflare-ipfs.com/ipfs/Qmd3W5DuhgHirLHGVixi6V76LhCkZUz6pnFt5AJBiyvHye/avatar/1044.jpg
Maria Helena Oliveira;MariaHelena.Oliveira@live.com;65520-096;Santos Rodovia;961;Porto Velho;Mato Grosso do Sul;Ferramentas, Brinquedos & Mercearia;https://cloudflare-ipfs.com/ipfs/Qmd3W5DuhgHirLHGVixi6V76LhCkZUz6pnFt5AJBiyvHye/avatar/984.jpg
Emanuel Pereira;Emanuel.Pereira@live.com;45097-592;Souza Rodovia;198;Jundiaí;Amapá;Bebê, Beleza & Beleza;https://cloudflare-ipfs.com/ipfs/Qmd3W5DuhgHirLHGVixi6V76LhCkZUz6pnFt5AJBiyvHye/avatar/797.jpg
Marina Carvalho;Marina18@hotmail.com;40939-358;Moreira Rua;447;Fortaleza;Distrito Federal;Crianças, Eletrônicos & Livros;https://cloudflare-ipfs.com/ipfs/Qmd3W5DuhgHirLHGVixi6V76LhCkZUz6pnFt5AJBiyvHye/avatar/983.jpg
Guilherme Santos;Guilherme.Santos74@gmail.com;06672-449;Macedo Marginal;286;Piracicaba;Amapá;Mercearia;https://cloudflare-ipfs.com/ipfs/Qmd3W5DuhgHirLHGVixi6V76LhCkZUz6pnFt5AJBiyvHye/avatar/730.jpg
Yuri Souza;Yuri33@hotmail.com;39764-856;Nogueira Avenida;200;Petrolina;Rio Grande do Norte;Música & Turismo;https://cloudflare-ipfs.com/ipfs/Qmd3W5DuhgHirLHGVixi6V76LhCkZUz6pnFt5AJBiyvHye/avatar/492.jpg
Norberto Martins;Norberto.Martins17@bol.com.br;60960-366;Moreira Marginal;43;Vitória da Conquista;Paraná;Beleza, Filmes & Casa;https://cloudflare-ipfs.com/ipfs/Qmd3W5DuhgHirLHGVixi6V76LhCkZUz6pnFt5AJBiyvHye/avatar/1116.jpg
Larissa Pereira;Larissa.Pereira5@yahoo.com;49882-294;João Pedro Avenida;163;Paulista;Rio Grande do Norte;Computadores;https://cloudflare-ipfs.com/ipfs/Qmd3W5DuhgHirLHGVixi6V76LhCkZUz6pnFt5AJBiyvHye/avatar/1147.jpg
Deneval Macedo;Deneval.Macedo81@gmail.com;35094-170;Roberto Marginal;67;Osasco;Espírito Santo;Música & Saúde;https://cloudflare-ipfs.com/ipfs/Qmd3W5DuhgHirLHGVixi6V76LhCkZUz6pnFt5AJBiyvHye/avatar/318.jpg
Maria Helena Melo;MariaHelena_Melo@yahoo.com;04275-350;Costa Marginal;919;Macapá;Pernambuco;Crianças & Roupas;https://cloudflare-ipfs.com/ipfs/Qmd3W5DuhgHirLHGVixi6V76LhCkZUz6pnFt5AJBiyvHye/avatar/821.jpg
Júlio César Xavier;JulioCesar7@bol.com.br;62513-731;Xavier Alameda;338;Cascavel;Espírito Santo;Saúde & Casa;https://cloudflare-ipfs.com/ipfs/Qmd3W5DuhgHirLHGVixi6V76LhCkZUz6pnFt5AJBiyvHye/avatar/725.jpg
Isabel Batista;Isabel_Batista57@gmail.com;34910-995;Maria Luiza Rodovia;342;Niterói;Minas Gerais;Crianças, Livros & Sapatos;https://cloudflare-ipfs.com/ipfs/Qmd3W5DuhgHirLHGVixi6V76LhCkZUz6pnFt5AJBiyvHye/avatar/1011.jpg
Anthony Carvalho;Anthony77@hotmail.com;03367-638;Fabrício Rodovia;258;Suzano;Bahia;Computadores, Jogos & Jóias;https://cloudflare-ipfs.com/ipfs/Qmd3W5DuhgHirLHGVixi6V76LhCkZUz6pnFt5AJBiyvHye/avatar/133.jpg
Maria Helena Albuquerque;MariaHelena_Albuquerque@bol.com.br;19084-385;Xavier Rua;373;Praia Grande;Pará;Computadores, Crianças & Bebê;https://cloudflare-ipfs.com/ipfs/Qmd3W5DuhgHirLHGVixi6V76LhCkZUz6pnFt5AJBiyvHye/avatar/362.jpg
Maria Júlia Saraiva;MariaJulia_Saraiva10@live.com;23277-443;Margarida Rua;192;Boa Vista;Rio Grande do Sul;Esportes;https://cloudflare-ipfs.com/ipfs/Qmd3W5DuhgHirLHGVixi6V76LhCkZUz6pnFt5AJBiyvHye/avatar/638.jpg
Ana Clara Costa;AnaClara.Costa3@gmail.com;26442-011;Roberta Avenida;955;São José do Rio Preto;Rondônia;Automotivo & Turismo;https://cloudflare-ipfs.com/ipfs/Qmd3W5DuhgHirLHGVixi6V76LhCkZUz6pnFt5AJBiyvHye/avatar/1057.jpg
Antonella Carvalho;Antonella85@live.com;54443-689;Elísio Travessa;345;São Gonçalo;Roraima;Jóias;https://cloudflare-ipfs.com/ipfs/Qmd3W5DuhgHirLHGVixi6V76LhCkZUz6pnFt5AJBiyvHye/avatar/1029.jpg
Hélio Melo;Helio_Melo@bol.com.br;00928-492;Moraes Marginal;621;Paulista;Mato Grosso;Jardim, Computadores & Livros;https://cloudflare-ipfs.com/ipfs/Qmd3W5DuhgHirLHGVixi6V76LhCkZUz6pnFt5AJBiyvHye/avatar/74.jpg
Morgana Carvalho;Morgana.Carvalho@hotmail.com;76923-840;Lara Marginal;870;São João de Meriti;Minas Gerais;Beleza;https://cloudflare-ipfs.com/ipfs/Qmd3W5DuhgHirLHGVixi6V76LhCkZUz6pnFt5AJBiyvHye/avatar/219.jpg
Murilo Santos;Murilo.Santos65@bol.com.br;40636-398;Guilherme Avenida;571;Brasília;Pernambuco;Roupas;https://cloudflare-ipfs.com/ipfs/Qmd3W5DuhgHirLHGVixi6V76LhCkZUz6pnFt5AJBiyvHye/avatar/868.jpg
Ofélia Carvalho;Ofelia31@gmail.com;59935-622;Lorraine Rua;562;Osasco;Minas Gerais;Livros;https://cloudflare-ipfs.com/ipfs/Qmd3W5DuhgHirLHGVixi6V76LhCkZUz6pnFt5AJBiyvHye/avatar/257.jpg
Dalila Carvalho;Dalila2@live.com;69261-420;Paulo Avenida;509;Contagem;Alagoas;Automotivo & Jardim;https://cloudflare-ipfs.com/ipfs/Qmd3W5DuhgHirLHGVixi6V76LhCkZUz6pnFt5AJBiyvHye/avatar/595.jpg
Yasmin Martins;Yasmin_Martins6@hotmail.com;16174-604;Xavier Rua;91;Porto Velho;Goiás;Jogos & Mercearia;https://cloudflare-ipfs.com/ipfs/Qmd3W5DuhgHirLHGVixi6V76LhCkZUz6pnFt5AJBiyvHye/avatar/668.jpg
Isis Melo;Isis18@bol.com.br;37095-442;Barros Avenida;168;Suzano;Goiás;Filmes, Ferramentas & Brinquedos;https://cloudflare-ipfs.com/ipfs/Qmd3W5DuhgHirLHGVixi6V76LhCkZUz6pnFt5AJBiyvHye/avatar/1157.jpg
João Pedro Melo;JoaoPedro86@hotmail.com;69236-091;Helena Marginal;254;Aparecida de Goiânia;Rio Grande do Norte;Jóias;https://cloudflare-ipfs.com/ipfs/Qmd3W5DuhgHirLHGVixi6V76LhCkZUz6pnFt5AJBiyvHye/avatar/320.jpg
Fabrício Barros;Fabricio_Barros69@gmail.com;70979-568;Alícia Avenida;677;Belém;Amazonas;Casa & Mercearia;https://cloudflare-ipfs.com/ipfs/Qmd3W5DuhgHirLHGVixi6V76LhCkZUz6pnFt5AJBiyvHye/avatar/976.jpg
Isabel Carvalho;Isabel42@hotmail.com;53313-614;Davi Marginal;203;Franca;Roraima;Eletrônicos, Jardim & Saúde;https://cloudflare-ipfs.com/ipfs/Qmd3W5DuhgHirLHGVixi6V76LhCkZUz6pnFt5AJBiyvHye/avatar/1103.jpg
Lara Melo;Lara.Melo@hotmail.com;13836-151;Pereira Avenida;156;Macapá;Mato Grosso;Turismo;https://cloudflare-ipfs.com/ipfs/Qmd3W5DuhgHirLHGVixi6V76LhCkZUz6pnFt5AJBiyvHye/avatar/135.jpg
Maria Júlia Xavier;MariaJulia_Xavier95@bol.com.br;20279-828;Oliveira Rodovia;412;Jaboatão dos Guararapes;Rondônia;Computadores;https://cloudflare-ipfs.com/ipfs/Qmd3W5DuhgHirLHGVixi6V76LhCkZUz6pnFt5AJBiyvHye/avatar/230.jpg
Rafaela Batista;Rafaela.Batista@yahoo.com;84947-444;Reis Avenida;241;Canoas;Mato Grosso do Sul;Eletrônicos & Ferramentas;https://cloudflare-ipfs.com/ipfs/Qmd3W5DuhgHirLHGVixi6V76LhCkZUz6pnFt5AJBiyvHye/avatar/927.jpg
Benício Santos;Benicio66@yahoo.com;70371-569;Martins Travessa;772;Sumaré;Maranhão;Brinquedos & Saúde;https://cloudflare-ipfs.com/ipfs/Qmd3W5DuhgHirLHGVixi6V76LhCkZUz6pnFt5AJBiyvHye/avatar/264.jpg
Pedro Henrique Reis;PedroHenrique.Reis@yahoo.com;94771-708;Saraiva Avenida;79;Belford Roxo;Mato Grosso do Sul;Beleza, Jardim & Ferramentas;https://cloudflare-ipfs.com/ipfs/Qmd3W5DuhgHirLHGVixi6V76LhCkZUz6pnFt5AJBiyvHye/avatar/358.jpg
Pedro Macedo;Pedro57@live.com;45150-152;Elísio Travessa;312;Jaboatão dos Guararapes;Mato Grosso;Filmes, Livros & Saúde;https://cloudflare-ipfs.com/ipfs/Qmd3W5DuhgHirLHGVixi6V76LhCkZUz6pnFt5AJBiyvHye/avatar/1036.jpg
Joana Souza;Joana.Souza90@yahoo.com;76129-615;Batista Marginal;507;Mauá;Mato Grosso;Esportes & Eletrônicos;https://cloudflare-ipfs.com/ipfs/Qmd3W5DuhgHirLHGVixi6V76LhCkZUz6pnFt5AJBiyvHye/avatar/821.jpg
Alessandro Franco;Alessandro36@bol.com.br;72408-858;Franco Rodovia;839;Ananindeua;Ceará;Jóias & Brinquedos;https://cloudflare-ipfs.com/ipfs/Qmd3W5DuhgHirLHGVixi6V76LhCkZUz6pnFt5AJBiyvHye/avatar/1196.jpg
Júlio Braga;Julio.Braga@hotmail.com;33298-161;Franco Rua;754;Montes Claros;Espírito Santo;Jogos;https://cloudflare-ipfs.com/ipfs/Qmd3W5DuhgHirLHGVixi6V76LhCkZUz6pnFt5AJBiyvHye/avatar/593.jpg
Ana Júlia Braga;AnaJulia23@live.com;51344-857;Pedro Alameda;584;Santa Maria;São Paulo;Crianças, Turismo & Mercearia;https://cloudflare-ipfs.com/ipfs/Qmd3W5DuhgHirLHGVixi6V76LhCkZUz6pnFt5AJBiyvHye/avatar/1220.jpg
Maria Júlia Pereira;MariaJulia45@yahoo.com;33568-496;Carvalho Marginal;646;Vila Velha;Rio Grande do Sul;Jardim & Saúde;https://cloudflare-ipfs.com/ipfs/Qmd3W5DuhgHirLHGVixi6V76LhCkZUz6pnFt5AJBiyvHye/avatar/571.jpg
Lorraine Franco;Lorraine_Franco26@bol.com.br;97986-394;Macedo Rodovia;928;Belo Horizonte;Pará;Industrial;https://cloudflare-ipfs.com/ipfs/Qmd3W5DuhgHirLHGVixi6V76LhCkZUz6pnFt5AJBiyvHye/avatar/554.jpg
Heloísa Nogueira;Heloisa11@hotmail.com;62867-198;Oliveira Travessa;69;Ponta Grossa;Alagoas;Roupas;https://cloudflare-ipfs.com/ipfs/Qmd3W5DuhgHirLHGVixi6V76LhCkZUz6pnFt5AJBiyvHye/avatar/350.jpg
Maria Júlia Martins;MariaJulia54@live.com;23886-715;Franco Avenida;93;Carapicuíba;Rondônia;Música & Automotivo;https://cloudflare-ipfs.com/ipfs/Qmd3W5DuhgHirLHGVixi6V76LhCkZUz6pnFt5AJBiyvHye/avatar/416.jpg
Ana Clara Moraes;AnaClara_Moraes34@gmail.com;04826-341;Carvalho Rodovia;795;São João de Meriti;Amapá;Filmes, Música & Ferramentas;https://cloudflare-ipfs.com/ipfs/Qmd3W5DuhgHirLHGVixi6V76LhCkZUz6pnFt5AJBiyvHye/avatar/1014.jpg
Maria Cecília Pereira;MariaCecilia.Pereira@gmail.com;90559-870;Albuquerque Alameda;212;Jundiaí;Alagoas;Beleza, Bebê & Saúde;https://cloudflare-ipfs.com/ipfs/Qmd3W5DuhgHirLHGVixi6V76LhCkZUz6pnFt5AJBiyvHye/avatar/134.jpg
Heloísa Braga;Heloisa_Braga@gmail.com;74688-212;Anthony Rodovia;987;Ponta Grossa;Rio Grande do Norte;Crianças;https://cloudflare-ipfs.com/ipfs/Qmd3W5DuhgHirLHGVixi6V76LhCkZUz6pnFt5AJBiyvHye/avatar/489.jpg
Giovanna Albuquerque;Giovanna.Albuquerque@yahoo.com;96617-183;Isaac Avenida;99;São Vicente;Rio de Janeiro;Ferramentas;https://cloudflare-ipfs.com/ipfs/Qmd3W5DuhgHirLHGVixi6V76LhCkZUz6pnFt5AJBiyvHye/avatar/1142.jpg
Antônio Nogueira;Antonio_Nogueira@live.com;29688-552;Ana Clara Alameda;569;Itaquaquecetuba;Pará;Beleza, Jardim & Casa;https://cloudflare-ipfs.com/ipfs/Qmd3W5DuhgHirLHGVixi6V76LhCkZUz6pnFt5AJBiyvHye/avatar/346.jpg
Murilo Albuquerque;Murilo80@live.com;35130-309;Meire Alameda;888;Caruaru;Piauí;Música;https://cloudflare-ipfs.com/ipfs/Qmd3W5DuhgHirLHGVixi6V76LhCkZUz6pnFt5AJBiyvHye/avatar/19.jpg
João Miguel Albuquerque;JoaoMiguel_Albuquerque3@hotmail.com;26439-934;Bryan Alameda;454;Belo Horizonte;Mato Grosso do Sul;Roupas & Saúde;https://cloudflare-ipfs.com/ipfs/Qmd3W5DuhgHirLHGVixi6V76LhCkZUz6pnFt5AJBiyvHye/avatar/646.jpg
Larissa Macedo;Larissa.Macedo@bol.com.br;01999-609;Esther Avenida;311;Natal;Paraíba;Mercearia, Computadores & Filmes;https://cloudflare-ipfs.com/ipfs/Qmd3W5DuhgHirLHGVixi6V76LhCkZUz6pnFt5AJBiyvHye/avatar/595.jpg
Danilo Carvalho;Danilo.Carvalho@live.com;29346-443;Oliveira Travessa;311;Mogi das Cruzes;Tocantins;Saúde;https://cloudflare-ipfs.com/ipfs/Qmd3W5DuhgHirLHGVixi6V76LhCkZUz6pnFt5AJBiyvHye/avatar/1142.jpg
Meire Martins;Meire.Martins@yahoo.com;27386-988;Elisa Rua;541;Ribeirão das Neves;Roraima;Casa;https://cloudflare-ipfs.com/ipfs/Qmd3W5DuhgHirLHGVixi6V76LhCkZUz6pnFt5AJBiyvHye/avatar/265.jpg
Félix Oliveira;Felix21@live.com;62828-387;João Pedro Alameda;830;Belém;Espírito Santo;Jóias & Bebê;https://cloudflare-ipfs.com/ipfs/Qmd3W5DuhgHirLHGVixi6V76LhCkZUz6pnFt5AJBiyvHye/avatar/825.jpg
Cecília Moreira;Cecilia32@bol.com.br;09255-840;Barros Alameda;894;Aparecida de Goiânia;Espírito Santo;Eletrônicos;https://cloudflare-ipfs.com/ipfs/Qmd3W5DuhgHirLHGVixi6V76LhCkZUz6pnFt5AJBiyvHye/avatar/625.jpg
Bryan Moraes;Bryan.Moraes74@yahoo.com;66435-757;Enzo Gabriel Rua;153;Bauru;Rio Grande do Sul;Crianças;https://cloudflare-ipfs.com/ipfs/Qmd3W5DuhgHirLHGVixi6V76LhCkZUz6pnFt5AJBiyvHye/avatar/562.jpg
Hélio Franco;Helio.Franco@bol.com.br;54845-106;Hélio Rodovia;768;Várzea Grande;Acre;Brinquedos & Ferramentas;https://cloudflare-ipfs.com/ipfs/Qmd3W5DuhgHirLHGVixi6V76LhCkZUz6pnFt5AJBiyvHye/avatar/1017.jpg
Lucas Barros;Lucas_Barros58@gmail.com;00341-070;Ana Júlia Alameda;135;João Pessoa;Maranhão;Jogos & Turismo;https://cloudflare-ipfs.com/ipfs/Qmd3W5DuhgHirLHGVixi6V76LhCkZUz6pnFt5AJBiyvHye/avatar/1153.jpg
Carlos Carvalho;Carlos33@hotmail.com;57515-111;Yuri Rua;879;Londrina;Rio Grande do Norte;Bebê, Beleza & Jogos;https://cloudflare-ipfs.com/ipfs/Qmd3W5DuhgHirLHGVixi6V76LhCkZUz6pnFt5AJBiyvHye/avatar/695.jpg
Guilherme Nogueira;Guilherme57@bol.com.br;50714-910;Marli Rodovia;40;Juiz de Fora;Rio de Janeiro;Esportes;https://cloudflare-ipfs.com/ipfs/Qmd3W5DuhgHirLHGVixi6V76LhCkZUz6pnFt5AJBiyvHye/avatar/728.jpg
Maria Alice Reis;MariaAlice_Reis80@bol.com.br;79061-434;Macedo Marginal;202;Contagem;Espírito Santo;Livros & Esportes;https://cloudflare-ipfs.com/ipfs/Qmd3W5DuhgHirLHGVixi6V76LhCkZUz6pnFt5AJBiyvHye/avatar/1112.jpg
Sophia Macedo;Sophia4@yahoo.com;71546-311;Saraiva Rua;609;São José dos Pinhais;Distrito Federal;Jardim, Bebê & Mercearia;https://cloudflare-ipfs.com/ipfs/Qmd3W5DuhgHirLHGVixi6V76LhCkZUz6pnFt5AJBiyvHye/avatar/686.jpg
Hélio Melo;Helio.Melo49@hotmail.com;10471-668;Maria Clara Travessa;996;Ribeirão das Neves;São Paulo;Música, Bebê & Saúde;https://cloudflare-ipfs.com/ipfs/Qmd3W5DuhgHirLHGVixi6V76LhCkZUz6pnFt5AJBiyvHye/avatar/96.jpg
Maria Helena Souza;MariaHelena.Souza@gmail.com;66370-166;Lara Rodovia;886;Várzea Grande;Paraná;Crianças, Filmes & Beleza;https://cloudflare-ipfs.com/ipfs/Qmd3W5DuhgHirLHGVixi6V76LhCkZUz6pnFt5AJBiyvHye/avatar/741.jpg
Pablo Carvalho;Pablo.Carvalho@yahoo.com;75958-923;Davi Alameda;751;Aracaju;Amazonas;Bebê;https://cloudflare-ipfs.com/ipfs/Qmd3W5DuhgHirLHGVixi6V76LhCkZUz6pnFt5AJBiyvHye/avatar/249.jpg
Isabella Reis;Isabella.Reis@live.com;57237-826;Carvalho Marginal;825;Florianópolis;Minas Gerais;Brinquedos & Esportes;https://cloudflare-ipfs.com/ipfs/Qmd3W5DuhgHirLHGVixi6V76LhCkZUz6pnFt5AJBiyvHye/avatar/646.jpg
Heloísa Moraes;Heloisa61@gmail.com;02249-682;Moreira Rodovia;156;Feira de Santana;Amapá;Esportes, Computadores & Filmes;https://cloudflare-ipfs.com/ipfs/Qmd3W5DuhgHirLHGVixi6V76LhCkZUz6pnFt5AJBiyvHye/avatar/56.jpg
Carla Costa;Carla.Costa@hotmail.com;17048-174;Martins Alameda;268;São Gonçalo;Rio de Janeiro;Crianças & Jóias;https://cloudflare-ipfs.com/ipfs/Qmd3W5DuhgHirLHGVixi6V76LhCkZUz6pnFt5AJBiyvHye/avatar/1061.jpg
Breno Carvalho;Breno51@gmail.com;17511-258;João Lucas Marginal;40;Salvador;Acre;Turismo;https://cloudflare-ipfs.com/ipfs/Qmd3W5DuhgHirLHGVixi6V76LhCkZUz6pnFt5AJBiyvHye/avatar/683.jpg
Elísio Carvalho;Elisio5@live.com;71791-559;Bruna Marginal;751;Suzano;Paraíba;Turismo;https://cloudflare-ipfs.com/ipfs/Qmd3W5DuhgHirLHGVixi6V76LhCkZUz6pnFt5AJBiyvHye/avatar/887.jpg
Karla Carvalho;Karla.Carvalho19@yahoo.com;96276-576;Oliveira Rua;533;Recife;Mato Grosso do Sul;Mercearia, Música & Computadores;https://cloudflare-ipfs.com/ipfs/Qmd3W5DuhgHirLHGVixi6V76LhCkZUz6pnFt5AJBiyvHye/avatar/317.jpg
Murilo Batista;Murilo.Batista20@hotmail.com;82168-149;Moraes Marginal;438;Rio Branco;Pará;Roupas, Roupas & Saúde;https://cloudflare-ipfs.com/ipfs/Qmd3W5DuhgHirLHGVixi6V76LhCkZUz6pnFt5AJBiyvHye/avatar/879.jpg
Ana Luiza Costa;AnaLuiza61@live.com;88610-461;Fabrício Rua;381;Sorocaba;Goiás;Música;https://cloudflare-ipfs.com/ipfs/Qmd3W5DuhgHirLHGVixi6V76LhCkZUz6pnFt5AJBiyvHye/avatar/437.jpg
Melissa Moraes;Melissa_Moraes@hotmail.com;61641-300;Souza Rodovia;698;Taubaté;Pernambuco;Casa & Turismo;https://cloudflare-ipfs.com/ipfs/Qmd3W5DuhgHirLHGVixi6V76LhCkZUz6pnFt5AJBiyvHye/avatar/649.jpg
Antonella Costa;Antonella_Costa99@yahoo.com;71003-223;Macedo Rodovia;693;São Bernardo do Campo;Roraima;Ferramentas & Filmes;https://cloudflare-ipfs.com/ipfs/Qmd3W5DuhgHirLHGVixi6V76LhCkZUz6pnFt5AJBiyvHye/avatar/662.jpg
Marcela Braga;Marcela12@gmail.com;35946-443;Pereira Rua;810;São João de Meriti;Tocantins;Música & Ferramentas;https://cloudflare-ipfs.com/ipfs/Qmd3W5DuhgHirLHGVixi6V76LhCkZUz6pnFt5AJBiyvHye/avatar/1121.jpg
Núbia Oliveira;Nubia_Oliveira@live.com;35222-953;Souza Rodovia;487;Olinda;Distrito Federal;Jogos, Brinquedos & Roupas;https://cloudflare-ipfs.com/ipfs/Qmd3W5DuhgHirLHGVixi6V76LhCkZUz6pnFt5AJBiyvHye/avatar/236.jpg
